insert into admin (id, name) values (1, 'Dicky Persicke');
insert into admin (id, name) values (2, 'Risa Kenford');
insert into admin (id, name) values (3, 'Carroll Munby');
insert into admin (id, name) values (4, 'Iosep Igounet');
insert into admin (id, name) values (5, 'Dougie Robertsen');
insert into admin (id, name) values (6, 'Cassandra Penhallurick');
insert into admin (id, name) values (7, 'Eydie Andreuzzi');
insert into admin (id, name) values (8, 'Rex Blacker');
insert into admin (id, name) values (9, 'Anitra Raubheim');
insert into admin (id, name) values (10, 'Consolata Ramel');
insert into admin (id, name) values (11, 'Brod Harman');
insert into admin (id, name) values (12, 'Alexandros Brownlea');
insert into admin (id, name) values (13, 'Frans Defries');
insert into admin (id, name) values (14, 'Addie Tyce');
insert into admin (id, name) values (15, 'Lanna Berendsen');
insert into admin (id, name) values (16, 'Chantal Pethybridge');
insert into admin (id, name) values (17, 'Cecil Kneller');
insert into admin (id, name) values (18, 'Akim Prynne');
insert into admin (id, name) values (19, 'Alisa Switland');
insert into admin (id, name) values (20, 'Wilona Caddan');
insert into admin (id, name) values (21, 'Malvin Balchin');
insert into admin (id, name) values (22, 'Tami Dillaway');
insert into admin (id, name) values (23, 'Jimmy McLaughlan');
insert into admin (id, name) values (24, 'Veriee Landeg');
insert into admin (id, name) values (25, 'Ricoriki Ewens');
insert into admin (id, name) values (26, 'Claire Theodore');
insert into admin (id, name) values (27, 'Bethena Sweet');
insert into admin (id, name) values (28, 'Regen Ackenhead');
insert into admin (id, name) values (29, 'Alonso Gillham');
insert into admin (id, name) values (30, 'Felice Frankland');
insert into admin (id, name) values (31, 'Leeann Selkirk');
insert into admin (id, name) values (32, 'Elden Delgaty');
insert into admin (id, name) values (33, 'Elicia Barnshaw');
insert into admin (id, name) values (34, 'Marni Palek');
insert into admin (id, name) values (35, 'Carlin Roostan');
insert into admin (id, name) values (36, 'Hubey Armstead');
insert into admin (id, name) values (37, 'Tommi Pheby');
insert into admin (id, name) values (38, 'Jasper Alasdair');
insert into admin (id, name) values (39, 'Alleyn Perse');
insert into admin (id, name) values (40, 'Luca Karolewski');
insert into admin (id, name) values (41, 'Millie Vasyaev');
insert into admin (id, name) values (42, 'Mayne Feldberger');
insert into admin (id, name) values (43, 'Tremaine McCullough');
insert into admin (id, name) values (44, 'Devondra Castagne');
insert into admin (id, name) values (45, 'Orson Kilborn');
insert into admin (id, name) values (46, 'Samson Tinghill');
insert into admin (id, name) values (47, 'Valeda Kerin');
insert into admin (id, name) values (48, 'Dael Breckwell');
insert into admin (id, name) values (49, 'Blair L''Homme');
insert into admin (id, name) values (50, 'Merrick Jouen');
insert into admin (id, name) values (51, 'Ripley Duckhouse');
insert into admin (id, name) values (52, 'Shirline Bortoli');
insert into admin (id, name) values (53, 'Melicent Sugars');
insert into admin (id, name) values (54, 'Kipp Ninnoli');
insert into admin (id, name) values (55, 'Pincus Polini');
insert into admin (id, name) values (56, 'Noelle Cronshaw');
insert into admin (id, name) values (57, 'Garv Shyres');
insert into admin (id, name) values (58, 'Raf Hanbury-Brown');
insert into admin (id, name) values (59, 'Kaleb Archbell');
insert into admin (id, name) values (60, 'Judd Demkowicz');
insert into admin (id, name) values (61, 'Alison Fassbender');
insert into admin (id, name) values (62, 'Ludovika Clyma');
insert into admin (id, name) values (63, 'Oralla Soldner');
insert into admin (id, name) values (64, 'Prissie Tirte');
insert into admin (id, name) values (65, 'Broddy Elsom');
insert into admin (id, name) values (66, 'Theda Siege');
insert into admin (id, name) values (67, 'Roanne Freke');
insert into admin (id, name) values (68, 'Lee O''Scanlan');
insert into admin (id, name) values (69, 'Lenna Ivamy');
insert into admin (id, name) values (70, 'Tildie Dumbleton');
insert into admin (id, name) values (71, 'Roderic Bausor');
insert into admin (id, name) values (72, 'Horst Pinks');
insert into admin (id, name) values (73, 'Lira Rayson');
insert into admin (id, name) values (74, 'Amalia Parncutt');
insert into admin (id, name) values (75, 'Carlye McKleod');
insert into admin (id, name) values (76, 'Wilton Charkham');
insert into admin (id, name) values (77, 'Dewey Tidy');
insert into admin (id, name) values (78, 'Giacomo Ballendine');
insert into admin (id, name) values (79, 'Shelby Anetts');
insert into admin (id, name) values (80, 'Harrison Filippello');
insert into admin (id, name) values (81, 'Edita Scothorne');
insert into admin (id, name) values (82, 'Birgitta Huws');
insert into admin (id, name) values (83, 'Stanleigh Hatliffe');
insert into admin (id, name) values (84, 'Panchito Secker');
insert into admin (id, name) values (85, 'Rawley Rich');
insert into admin (id, name) values (86, 'Gordie Gasgarth');
insert into admin (id, name) values (87, 'Beatriz Varvell');
insert into admin (id, name) values (88, 'Hermine Speer');
insert into admin (id, name) values (89, 'Otha Dundridge');
insert into admin (id, name) values (90, 'Del Aberhart');
insert into admin (id, name) values (91, 'Timofei Senecaux');
insert into admin (id, name) values (92, 'Norene Edison');
insert into admin (id, name) values (93, 'Willi Linning');
insert into admin (id, name) values (94, 'Jecho Gaddes');
insert into admin (id, name) values (95, 'Nanny Lanfear');
insert into admin (id, name) values (96, 'Lester Mellenby');
insert into admin (id, name) values (97, 'Cairistiona Pedwell');
insert into admin (id, name) values (98, 'Marissa Baldacchi');
insert into admin (id, name) values (99, 'Marge Laxtonne');
insert into admin (id, name) values (100, 'Ingrim Hatherley');

insert into computer (mac_adress, id) values ('4C-97-E7-DF-65-91', 1);
insert into computer (mac_adress, id) values ('01-34-CB-AA-45-38', 2);
insert into computer (mac_adress, id) values ('C5-CD-D0-AD-3B-87', 3);
insert into computer (mac_adress, id) values ('61-DB-26-B6-61-69', 4);
insert into computer (mac_adress, id) values ('A3-96-C6-1C-49-D7', 5);
insert into computer (mac_adress, id) values ('8D-D1-84-A4-44-EA', 6);
insert into computer (mac_adress, id) values ('D2-0E-3E-78-84-5E', 7);
insert into computer (mac_adress, id) values ('D5-FF-C9-E1-34-57', 8);
insert into computer (mac_adress, id) values ('EA-0C-3A-9A-DC-DA', 9);
insert into computer (mac_adress, id) values ('F3-E9-DB-AD-7D-CA', 10);
insert into computer (mac_adress, id) values ('26-10-11-4D-1D-CC', 11);
insert into computer (mac_adress, id) values ('DE-28-83-6C-E5-6D', 12);
insert into computer (mac_adress, id) values ('6E-30-D2-8D-15-C1', 13);
insert into computer (mac_adress, id) values ('65-94-46-57-4F-F5', 14);
insert into computer (mac_adress, id) values ('BA-EC-5E-01-79-1E', 15);
insert into computer (mac_adress, id) values ('F4-DC-51-DF-A2-B9', 16);
insert into computer (mac_adress, id) values ('1A-D5-2B-48-E3-07', 17);
insert into computer (mac_adress, id) values ('F1-C7-8B-1F-0E-5E', 18);
insert into computer (mac_adress, id) values ('26-69-3C-5B-3F-B8', 19);
insert into computer (mac_adress, id) values ('3E-AE-64-46-BA-C6', 20);
insert into computer (mac_adress, id) values ('18-DD-B0-BE-6B-63', 21);
insert into computer (mac_adress, id) values ('73-41-F8-93-94-F5', 22);
insert into computer (mac_adress, id) values ('23-FA-0D-3C-F7-37', 23);
insert into computer (mac_adress, id) values ('12-36-46-65-D8-60', 24);
insert into computer (mac_adress, id) values ('68-2A-8C-F9-DC-0B', 25);
insert into computer (mac_adress, id) values ('17-60-02-70-A3-7C', 26);
insert into computer (mac_adress, id) values ('58-F3-81-A4-B6-65', 27);
insert into computer (mac_adress, id) values ('F2-77-48-6C-12-05', 28);
insert into computer (mac_adress, id) values ('13-AF-04-72-41-69', 29);
insert into computer (mac_adress, id) values ('B1-CB-DE-51-CF-31', 30);
insert into computer (mac_adress, id) values ('B7-4B-C7-46-E1-12', 31);
insert into computer (mac_adress, id) values ('27-79-01-A1-47-5E', 32);
insert into computer (mac_adress, id) values ('B5-F7-42-B5-2C-66', 33);
insert into computer (mac_adress, id) values ('87-CF-65-AF-6B-CA', 34);
insert into computer (mac_adress, id) values ('42-64-54-B0-7F-8A', 35);
insert into computer (mac_adress, id) values ('A5-D8-7E-4B-9E-09', 36);
insert into computer (mac_adress, id) values ('66-E0-5E-F1-AD-75', 37);
insert into computer (mac_adress, id) values ('E0-92-1F-D5-58-1A', 38);
insert into computer (mac_adress, id) values ('3E-C5-E4-04-2C-92', 39);
insert into computer (mac_adress, id) values ('DB-79-C8-98-72-A6', 40);
insert into computer (mac_adress, id) values ('D5-02-13-17-42-37', 41);
insert into computer (mac_adress, id) values ('37-ED-0E-75-D1-B7', 42);
insert into computer (mac_adress, id) values ('B2-10-76-F9-04-DF', 43);
insert into computer (mac_adress, id) values ('F3-E5-29-FA-0B-91', 44);
insert into computer (mac_adress, id) values ('04-B9-86-B8-0C-04', 45);
insert into computer (mac_adress, id) values ('C3-36-B2-71-BE-38', 46);
insert into computer (mac_adress, id) values ('B1-1D-66-C2-B1-2C', 47);
insert into computer (mac_adress, id) values ('1E-58-79-C5-AC-E2', 48);
insert into computer (mac_adress, id) values ('A6-30-04-D9-D2-E3', 49);
insert into computer (mac_adress, id) values ('39-CE-32-30-64-52', 50);
insert into computer (mac_adress, id) values ('74-05-C8-CA-7E-FB', 51);
insert into computer (mac_adress, id) values ('1A-24-BB-2B-50-A2', 52);
insert into computer (mac_adress, id) values ('2E-E8-4A-D3-84-B4', 53);
insert into computer (mac_adress, id) values ('F2-BD-43-83-C9-B7', 54);
insert into computer (mac_adress, id) values ('B5-C0-80-3E-26-C9', 55);
insert into computer (mac_adress, id) values ('2B-CC-F5-AD-91-06', 56);
insert into computer (mac_adress, id) values ('90-C0-D6-EC-01-9D', 57);
insert into computer (mac_adress, id) values ('8D-9C-C8-7B-04-86', 58);
insert into computer (mac_adress, id) values ('04-CF-FA-78-35-95', 59);
insert into computer (mac_adress, id) values ('49-2E-8B-A0-F9-5E', 60);
insert into computer (mac_adress, id) values ('28-D3-D5-0A-18-63', 61);
insert into computer (mac_adress, id) values ('FA-6C-78-3E-67-73', 62);
insert into computer (mac_adress, id) values ('2F-97-A4-BE-FD-17', 63);
insert into computer (mac_adress, id) values ('BC-F3-BF-35-22-CB', 64);
insert into computer (mac_adress, id) values ('BD-EC-C0-4F-4C-07', 65);
insert into computer (mac_adress, id) values ('B3-17-AF-89-9F-4B', 66);
insert into computer (mac_adress, id) values ('CE-19-97-C6-90-53', 67);
insert into computer (mac_adress, id) values ('65-B1-92-1E-64-DA', 68);
insert into computer (mac_adress, id) values ('88-92-88-FD-CE-2E', 69);
insert into computer (mac_adress, id) values ('A1-7F-18-85-D8-D4', 70);
insert into computer (mac_adress, id) values ('BE-AF-24-DA-DD-C3', 71);
insert into computer (mac_adress, id) values ('BF-D7-46-0E-5B-96', 72);
insert into computer (mac_adress, id) values ('6C-32-5B-4F-6D-34', 73);
insert into computer (mac_adress, id) values ('69-C5-7E-21-6F-1A', 74);
insert into computer (mac_adress, id) values ('0C-24-C5-36-94-F0', 75);
insert into computer (mac_adress, id) values ('64-A2-7B-21-A7-C9', 76);
insert into computer (mac_adress, id) values ('E5-18-40-CF-FD-BE', 77);
insert into computer (mac_adress, id) values ('96-9F-93-81-DD-BF', 78);
insert into computer (mac_adress, id) values ('72-BA-0C-74-B7-24', 79);
insert into computer (mac_adress, id) values ('DB-54-5D-BF-00-A3', 80);
insert into computer (mac_adress, id) values ('E3-44-AE-3B-B4-E2', 81);
insert into computer (mac_adress, id) values ('C0-AE-3B-62-63-45', 82);
insert into computer (mac_adress, id) values ('3B-EE-09-67-11-5C', 83);
insert into computer (mac_adress, id) values ('BF-55-05-B0-9C-3B', 84);
insert into computer (mac_adress, id) values ('B5-6B-B5-51-52-35', 85);
insert into computer (mac_adress, id) values ('F5-A6-80-EC-77-1E', 86);
insert into computer (mac_adress, id) values ('73-A6-82-C3-16-24', 87);
insert into computer (mac_adress, id) values ('2D-C4-AC-84-13-86', 88);
insert into computer (mac_adress, id) values ('1E-FC-64-40-FC-98', 89);
insert into computer (mac_adress, id) values ('75-BF-40-A7-CE-D8', 90);
insert into computer (mac_adress, id) values ('80-D7-0D-A6-EC-84', 91);
insert into computer (mac_adress, id) values ('B5-B8-40-25-37-45', 92);
insert into computer (mac_adress, id) values ('2D-F5-5B-A4-B9-2E', 93);
insert into computer (mac_adress, id) values ('BA-CD-E9-FF-1F-C8', 94);
insert into computer (mac_adress, id) values ('14-E5-86-2C-5B-C5', 95);
insert into computer (mac_adress, id) values ('EC-6F-43-D3-88-AF', 96);
insert into computer (mac_adress, id) values ('AC-0D-2C-6E-EB-74', 97);
insert into computer (mac_adress, id) values ('65-10-76-37-9A-89', 98);
insert into computer (mac_adress, id) values ('BB-32-68-D0-49-8B', 99);
insert into computer (mac_adress, id) values ('F0-D4-28-02-34-A5', 100);
insert into computer (mac_adress, id) values ('CA-C8-9E-24-2D-C8', 101);
insert into computer (mac_adress, id) values ('7B-67-7B-36-B4-A4', 102);
insert into computer (mac_adress, id) values ('8B-42-4E-A3-68-62', 103);
insert into computer (mac_adress, id) values ('C0-A8-C0-12-28-D8', 104);
insert into computer (mac_adress, id) values ('C9-99-1C-48-9E-C0', 105);
insert into computer (mac_adress, id) values ('09-F2-8C-24-83-D2', 106);
insert into computer (mac_adress, id) values ('FE-E0-52-6B-76-D6', 107);
insert into computer (mac_adress, id) values ('C0-8B-FF-CB-3E-15', 108);
insert into computer (mac_adress, id) values ('80-99-28-3A-E9-C3', 109);
insert into computer (mac_adress, id) values ('34-14-0D-B6-93-F1', 110);
insert into computer (mac_adress, id) values ('2C-62-28-A0-F0-11', 111);
insert into computer (mac_adress, id) values ('76-4E-FD-42-B1-08', 112);
insert into computer (mac_adress, id) values ('4D-0B-70-72-B5-D3', 113);
insert into computer (mac_adress, id) values ('78-D5-36-BB-93-1E', 114);
insert into computer (mac_adress, id) values ('26-63-34-6F-BA-01', 115);
insert into computer (mac_adress, id) values ('9D-1A-1C-B2-67-09', 116);
insert into computer (mac_adress, id) values ('F1-B3-1E-6C-9D-47', 117);
insert into computer (mac_adress, id) values ('38-4A-8B-99-15-54', 118);
insert into computer (mac_adress, id) values ('61-86-6A-BC-D7-9B', 119);
insert into computer (mac_adress, id) values ('4D-9B-DF-A2-B0-4D', 120);
insert into computer (mac_adress, id) values ('71-30-2C-2C-F5-57', 121);
insert into computer (mac_adress, id) values ('0E-CA-E6-9A-B0-03', 122);
insert into computer (mac_adress, id) values ('DB-77-D8-AF-B0-0C', 123);
insert into computer (mac_adress, id) values ('A0-72-2D-48-12-2F', 124);
insert into computer (mac_adress, id) values ('EE-05-8B-F5-E7-A7', 125);
insert into computer (mac_adress, id) values ('82-D3-70-79-D0-B9', 126);
insert into computer (mac_adress, id) values ('5E-1F-B8-82-21-7F', 127);
insert into computer (mac_adress, id) values ('4F-F1-CE-D2-49-81', 128);
insert into computer (mac_adress, id) values ('77-21-A0-45-6B-08', 129);
insert into computer (mac_adress, id) values ('01-BC-FF-06-05-FA', 130);
insert into computer (mac_adress, id) values ('93-DE-D9-5D-E7-C2', 131);
insert into computer (mac_adress, id) values ('79-97-71-C0-B5-D8', 132);
insert into computer (mac_adress, id) values ('82-0D-D8-F2-9B-F7', 133);
insert into computer (mac_adress, id) values ('CC-27-22-65-1D-23', 134);
insert into computer (mac_adress, id) values ('2E-31-99-77-16-6F', 135);
insert into computer (mac_adress, id) values ('6E-08-46-8A-61-C2', 136);
insert into computer (mac_adress, id) values ('B9-44-3D-4F-FF-1D', 137);
insert into computer (mac_adress, id) values ('CC-5A-FA-2E-58-23', 138);
insert into computer (mac_adress, id) values ('32-F7-2A-8B-68-59', 139);
insert into computer (mac_adress, id) values ('2F-0C-2F-C2-41-A7', 140);
insert into computer (mac_adress, id) values ('A3-61-E7-6B-6B-32', 141);
insert into computer (mac_adress, id) values ('E6-61-E8-B1-CC-89', 142);
insert into computer (mac_adress, id) values ('CB-ED-30-E2-74-06', 143);
insert into computer (mac_adress, id) values ('82-30-85-29-E9-B9', 144);
insert into computer (mac_adress, id) values ('F8-BC-F1-37-62-5A', 145);
insert into computer (mac_adress, id) values ('A3-77-DA-E5-D1-3C', 146);
insert into computer (mac_adress, id) values ('0F-D5-2D-0C-14-97', 147);
insert into computer (mac_adress, id) values ('90-85-5D-3D-9D-A1', 148);
insert into computer (mac_adress, id) values ('E3-6F-14-AA-A4-E9', 149);
insert into computer (mac_adress, id) values ('2F-D9-EC-78-DF-7E', 150);
insert into computer (mac_adress, id) values ('63-FA-53-27-18-24', 151);
insert into computer (mac_adress, id) values ('1C-FF-D8-18-FD-FE', 152);
insert into computer (mac_adress, id) values ('D7-73-84-C7-FE-0F', 153);
insert into computer (mac_adress, id) values ('0C-CD-DF-74-93-6C', 154);
insert into computer (mac_adress, id) values ('40-D0-EA-41-D8-A7', 155);
insert into computer (mac_adress, id) values ('4A-44-80-A7-A3-EF', 156);
insert into computer (mac_adress, id) values ('43-80-4F-F0-D3-06', 157);
insert into computer (mac_adress, id) values ('42-CA-D9-5E-35-E2', 158);
insert into computer (mac_adress, id) values ('5A-6E-FE-70-C2-FB', 159);
insert into computer (mac_adress, id) values ('9A-94-31-B4-7D-BD', 160);
insert into computer (mac_adress, id) values ('BA-4D-09-D0-F9-45', 161);
insert into computer (mac_adress, id) values ('E7-76-70-82-2C-B0', 162);
insert into computer (mac_adress, id) values ('A7-48-23-20-AE-33', 163);
insert into computer (mac_adress, id) values ('38-90-85-11-14-BB', 164);
insert into computer (mac_adress, id) values ('B1-B9-CF-B9-93-D6', 165);
insert into computer (mac_adress, id) values ('B8-1B-2F-73-7E-F3', 166);
insert into computer (mac_adress, id) values ('3E-25-C0-B6-B9-E4', 167);
insert into computer (mac_adress, id) values ('28-6A-67-7C-6E-0C', 168);
insert into computer (mac_adress, id) values ('8C-80-10-C9-0C-B3', 169);
insert into computer (mac_adress, id) values ('7A-DA-C3-9E-ED-D3', 170);
insert into computer (mac_adress, id) values ('CD-EF-BC-C1-94-F0', 171);
insert into computer (mac_adress, id) values ('0F-A3-0D-C5-6B-AF', 172);
insert into computer (mac_adress, id) values ('2F-E5-7A-4C-90-FC', 173);
insert into computer (mac_adress, id) values ('29-2D-50-81-8E-E6', 174);
insert into computer (mac_adress, id) values ('1A-3B-8D-00-F5-61', 175);
insert into computer (mac_adress, id) values ('3E-3E-CE-9B-D4-AE', 176);
insert into computer (mac_adress, id) values ('18-FC-29-2C-BC-A7', 177);
insert into computer (mac_adress, id) values ('64-34-29-57-8F-D1', 178);
insert into computer (mac_adress, id) values ('E7-1E-AA-15-44-07', 179);
insert into computer (mac_adress, id) values ('8E-39-01-56-A3-F6', 180);
insert into computer (mac_adress, id) values ('85-FE-51-B9-3D-27', 181);
insert into computer (mac_adress, id) values ('6C-72-69-4F-43-EB', 182);
insert into computer (mac_adress, id) values ('72-26-3C-63-D4-C6', 183);
insert into computer (mac_adress, id) values ('25-62-23-80-E1-A7', 184);
insert into computer (mac_adress, id) values ('A8-31-50-EB-C8-53', 185);
insert into computer (mac_adress, id) values ('78-95-AC-5C-DF-9A', 186);
insert into computer (mac_adress, id) values ('DE-E7-C8-BE-2D-84', 187);
insert into computer (mac_adress, id) values ('9A-B0-B6-39-81-68', 188);
insert into computer (mac_adress, id) values ('9B-B7-DF-06-57-58', 189);
insert into computer (mac_adress, id) values ('F4-0B-6D-CD-8A-D7', 190);
insert into computer (mac_adress, id) values ('D4-E5-2F-2C-F1-22', 191);
insert into computer (mac_adress, id) values ('22-08-21-80-68-A7', 192);
insert into computer (mac_adress, id) values ('08-B1-3A-76-36-D3', 193);
insert into computer (mac_adress, id) values ('60-F5-E4-06-02-0C', 194);
insert into computer (mac_adress, id) values ('36-60-FA-61-FD-41', 195);
insert into computer (mac_adress, id) values ('F6-0F-DD-C0-EE-89', 196);
insert into computer (mac_adress, id) values ('DA-D0-26-9F-99-DF', 197);
insert into computer (mac_adress, id) values ('A6-48-1E-F7-64-4A', 198);
insert into computer (mac_adress, id) values ('9A-A7-62-E7-9C-F9', 199);
insert into computer (mac_adress, id) values ('DE-E4-4F-90-41-01', 200);
insert into computer (mac_adress, id) values ('46-49-35-0C-32-62', 201);
insert into computer (mac_adress, id) values ('6F-64-89-0E-B7-EC', 202);
insert into computer (mac_adress, id) values ('41-14-7D-ED-63-33', 203);
insert into computer (mac_adress, id) values ('E8-4C-0F-D7-E2-37', 204);
insert into computer (mac_adress, id) values ('12-B2-A5-FF-03-81', 205);
insert into computer (mac_adress, id) values ('B1-5E-08-00-EF-28', 206);
insert into computer (mac_adress, id) values ('C9-13-EC-5C-B0-47', 207);
insert into computer (mac_adress, id) values ('6A-DF-A0-EE-67-11', 208);
insert into computer (mac_adress, id) values ('30-E3-FD-5E-FC-C8', 209);
insert into computer (mac_adress, id) values ('65-EF-B2-24-70-D9', 210);
insert into computer (mac_adress, id) values ('B3-99-BC-BF-28-BF', 211);
insert into computer (mac_adress, id) values ('29-22-9A-52-34-98', 212);
insert into computer (mac_adress, id) values ('A2-FA-82-76-4D-C7', 213);
insert into computer (mac_adress, id) values ('87-54-B9-16-4E-3D', 214);
insert into computer (mac_adress, id) values ('32-65-80-2C-76-2A', 215);
insert into computer (mac_adress, id) values ('63-0E-AA-17-18-5A', 216);
insert into computer (mac_adress, id) values ('0E-C3-4A-3C-E3-5F', 217);
insert into computer (mac_adress, id) values ('23-C3-49-BE-CF-40', 218);
insert into computer (mac_adress, id) values ('65-33-04-B4-72-30', 219);
insert into computer (mac_adress, id) values ('0D-89-A0-38-23-EA', 220);
insert into computer (mac_adress, id) values ('BB-34-CA-73-A1-79', 221);
insert into computer (mac_adress, id) values ('63-BE-AF-B2-50-81', 222);
insert into computer (mac_adress, id) values ('52-5B-62-57-4C-5C', 223);
insert into computer (mac_adress, id) values ('9C-11-7B-D4-6E-2D', 224);
insert into computer (mac_adress, id) values ('87-4B-D3-CF-49-50', 225);
insert into computer (mac_adress, id) values ('77-73-2F-3D-43-14', 226);
insert into computer (mac_adress, id) values ('9F-65-80-23-87-D6', 227);
insert into computer (mac_adress, id) values ('4D-08-C5-B1-08-C0', 228);
insert into computer (mac_adress, id) values ('E6-25-A2-04-40-3A', 229);
insert into computer (mac_adress, id) values ('E1-88-9D-71-16-2A', 230);
insert into computer (mac_adress, id) values ('0C-80-3E-1C-12-EE', 231);
insert into computer (mac_adress, id) values ('A2-41-7E-6D-5B-95', 232);
insert into computer (mac_adress, id) values ('29-4B-B5-D6-42-C8', 233);
insert into computer (mac_adress, id) values ('EE-47-03-0A-3C-53', 234);
insert into computer (mac_adress, id) values ('A4-90-A9-4C-EC-5D', 235);
insert into computer (mac_adress, id) values ('F3-25-B0-28-5B-EE', 236);
insert into computer (mac_adress, id) values ('EE-0F-D3-98-24-75', 237);
insert into computer (mac_adress, id) values ('DD-07-C3-3C-5E-3F', 238);
insert into computer (mac_adress, id) values ('F1-66-02-CD-7D-F0', 239);
insert into computer (mac_adress, id) values ('EA-81-0B-67-A6-68', 240);
insert into computer (mac_adress, id) values ('7D-D5-72-F0-8D-4D', 241);
insert into computer (mac_adress, id) values ('95-A3-3E-5C-CD-0D', 242);
insert into computer (mac_adress, id) values ('48-3B-D9-FD-6F-FD', 243);
insert into computer (mac_adress, id) values ('09-10-1F-F9-DE-8B', 244);
insert into computer (mac_adress, id) values ('B7-B4-CE-A6-51-07', 245);
insert into computer (mac_adress, id) values ('23-73-BF-56-13-75', 246);
insert into computer (mac_adress, id) values ('C5-83-D8-D8-A8-93', 247);
insert into computer (mac_adress, id) values ('75-18-DF-64-8F-28', 248);
insert into computer (mac_adress, id) values ('F2-7E-9F-35-38-8B', 249);
insert into computer (mac_adress, id) values ('60-59-E3-D5-77-D9', 250);
insert into computer (mac_adress, id) values ('D3-E3-36-9E-BB-27', 251);
insert into computer (mac_adress, id) values ('DB-BC-B0-A3-A7-50', 252);
insert into computer (mac_adress, id) values ('31-E1-F8-8B-0B-CA', 253);
insert into computer (mac_adress, id) values ('12-52-41-EF-56-EF', 254);
insert into computer (mac_adress, id) values ('AD-D0-66-69-D4-EE', 255);
insert into computer (mac_adress, id) values ('ED-A0-8B-EA-F4-A8', 256);
insert into computer (mac_adress, id) values ('97-14-CE-56-0D-14', 257);
insert into computer (mac_adress, id) values ('5F-88-69-C7-CD-A5', 258);
insert into computer (mac_adress, id) values ('4D-88-C7-1D-AC-1B', 259);
insert into computer (mac_adress, id) values ('1E-43-5B-24-5C-F4', 260);
insert into computer (mac_adress, id) values ('C9-C6-7C-DC-38-38', 261);
insert into computer (mac_adress, id) values ('36-32-D1-E0-07-DB', 262);
insert into computer (mac_adress, id) values ('D6-48-29-0D-00-C3', 263);
insert into computer (mac_adress, id) values ('C3-9B-B2-A0-D6-8F', 264);
insert into computer (mac_adress, id) values ('E9-DC-CE-2B-F3-05', 265);
insert into computer (mac_adress, id) values ('AB-51-DC-0C-0C-90', 266);
insert into computer (mac_adress, id) values ('A9-8A-2B-A1-2C-94', 267);
insert into computer (mac_adress, id) values ('76-E8-E3-0B-63-8B', 268);
insert into computer (mac_adress, id) values ('F0-D9-8B-8F-7A-DE', 269);
insert into computer (mac_adress, id) values ('D9-79-19-5C-20-A2', 270);
insert into computer (mac_adress, id) values ('E8-95-9E-D5-C9-23', 271);
insert into computer (mac_adress, id) values ('FA-7F-35-FC-88-6F', 272);
insert into computer (mac_adress, id) values ('10-8C-23-44-1D-D1', 273);
insert into computer (mac_adress, id) values ('E4-60-1D-FC-A6-D3', 274);
insert into computer (mac_adress, id) values ('3E-77-20-22-56-46', 275);
insert into computer (mac_adress, id) values ('9E-96-53-84-83-00', 276);
insert into computer (mac_adress, id) values ('08-68-F5-EF-0E-47', 277);
insert into computer (mac_adress, id) values ('2A-60-E0-D4-3B-6E', 278);
insert into computer (mac_adress, id) values ('FD-57-CA-57-49-B1', 279);
insert into computer (mac_adress, id) values ('20-C4-C0-58-83-03', 280);
insert into computer (mac_adress, id) values ('3F-6A-0B-B1-A0-58', 281);
insert into computer (mac_adress, id) values ('38-CF-98-2F-72-1F', 282);
insert into computer (mac_adress, id) values ('1F-20-A2-81-02-A9', 283);
insert into computer (mac_adress, id) values ('C4-8F-1A-CF-EC-BE', 284);
insert into computer (mac_adress, id) values ('A5-77-0B-44-AA-EB', 285);
insert into computer (mac_adress, id) values ('2F-62-DD-71-2F-AD', 286);
insert into computer (mac_adress, id) values ('82-CB-D6-11-76-34', 287);
insert into computer (mac_adress, id) values ('C1-22-9C-76-4B-04', 288);
insert into computer (mac_adress, id) values ('CD-89-83-F1-50-80', 289);
insert into computer (mac_adress, id) values ('FB-A1-A6-93-70-02', 290);
insert into computer (mac_adress, id) values ('E2-CC-CB-73-3F-37', 291);
insert into computer (mac_adress, id) values ('9E-AA-34-12-8B-92', 292);
insert into computer (mac_adress, id) values ('0B-1C-F5-3F-27-05', 293);
insert into computer (mac_adress, id) values ('1F-BA-45-1B-DD-D8', 294);
insert into computer (mac_adress, id) values ('E2-96-13-63-20-9E', 295);
insert into computer (mac_adress, id) values ('85-99-40-A2-6A-DC', 296);
insert into computer (mac_adress, id) values ('27-03-59-6D-63-39', 297);
insert into computer (mac_adress, id) values ('C9-AF-25-16-6C-8F', 298);
insert into computer (mac_adress, id) values ('D6-D3-1A-DF-09-08', 299);
insert into computer (mac_adress, id) values ('4B-7D-50-90-4F-48', 300);
insert into computer (mac_adress, id) values ('67-2B-E5-74-A1-49', 301);
insert into computer (mac_adress, id) values ('C1-A4-F0-D5-42-2D', 302);
insert into computer (mac_adress, id) values ('0E-FC-6F-95-91-31', 303);
insert into computer (mac_adress, id) values ('77-4F-9B-3A-EA-48', 304);
insert into computer (mac_adress, id) values ('07-89-1C-91-84-A9', 305);
insert into computer (mac_adress, id) values ('CF-47-F4-38-71-99', 306);
insert into computer (mac_adress, id) values ('78-E6-9C-BF-50-F0', 307);
insert into computer (mac_adress, id) values ('A3-1E-DD-0D-A2-99', 308);
insert into computer (mac_adress, id) values ('C5-31-07-FC-25-E0', 309);
insert into computer (mac_adress, id) values ('A0-3E-88-A1-59-20', 310);
insert into computer (mac_adress, id) values ('D6-F0-18-E6-F8-79', 311);
insert into computer (mac_adress, id) values ('23-9D-36-F6-DD-B6', 312);
insert into computer (mac_adress, id) values ('D0-03-CE-32-2C-73', 313);
insert into computer (mac_adress, id) values ('E0-B5-B3-56-03-30', 314);
insert into computer (mac_adress, id) values ('5F-D7-C7-72-5B-AD', 315);
insert into computer (mac_adress, id) values ('95-31-A4-71-64-6B', 316);
insert into computer (mac_adress, id) values ('FC-10-83-E7-C7-1F', 317);
insert into computer (mac_adress, id) values ('C6-88-74-50-C4-EB', 318);
insert into computer (mac_adress, id) values ('3A-ED-A3-63-48-C6', 319);
insert into computer (mac_adress, id) values ('9D-E8-15-E6-34-CB', 320);
insert into computer (mac_adress, id) values ('A7-B1-04-21-E6-29', 321);
insert into computer (mac_adress, id) values ('18-91-0A-81-B1-25', 322);
insert into computer (mac_adress, id) values ('52-E4-B5-E0-03-C2', 323);
insert into computer (mac_adress, id) values ('E7-C4-9B-44-FE-9B', 324);
insert into computer (mac_adress, id) values ('9E-09-1C-36-97-01', 325);
insert into computer (mac_adress, id) values ('4D-FD-C5-3C-5E-ED', 326);
insert into computer (mac_adress, id) values ('C0-31-5D-76-5E-06', 327);
insert into computer (mac_adress, id) values ('AA-50-41-B8-52-F1', 328);
insert into computer (mac_adress, id) values ('24-3D-13-2F-CC-B3', 329);
insert into computer (mac_adress, id) values ('28-01-B0-06-26-86', 330);
insert into computer (mac_adress, id) values ('AA-89-5E-EA-36-EC', 331);
insert into computer (mac_adress, id) values ('43-8A-0B-3F-26-A8', 332);
insert into computer (mac_adress, id) values ('8C-6A-AA-28-B1-02', 333);
insert into computer (mac_adress, id) values ('9C-23-B9-1C-9C-15', 334);
insert into computer (mac_adress, id) values ('4C-79-59-7F-14-F3', 335);
insert into computer (mac_adress, id) values ('D8-08-8F-92-12-29', 336);
insert into computer (mac_adress, id) values ('6B-30-06-60-7C-E6', 337);
insert into computer (mac_adress, id) values ('EC-B5-77-1B-63-71', 338);
insert into computer (mac_adress, id) values ('91-4F-8F-49-68-A3', 339);
insert into computer (mac_adress, id) values ('33-C0-74-BE-18-25', 340);
insert into computer (mac_adress, id) values ('45-22-FF-8F-C8-CC', 341);
insert into computer (mac_adress, id) values ('F1-A1-C5-22-71-9D', 342);
insert into computer (mac_adress, id) values ('99-B4-1F-CF-9B-2B', 343);
insert into computer (mac_adress, id) values ('FE-68-A5-0D-E1-C8', 344);
insert into computer (mac_adress, id) values ('9C-28-BB-A7-33-62', 345);
insert into computer (mac_adress, id) values ('F5-24-83-80-90-D6', 346);
insert into computer (mac_adress, id) values ('EF-2E-54-04-95-97', 347);
insert into computer (mac_adress, id) values ('F0-83-C5-DA-F6-1B', 348);
insert into computer (mac_adress, id) values ('13-FF-4D-A4-AF-6E', 349);
insert into computer (mac_adress, id) values ('B9-10-A7-C3-32-A3', 350);
insert into computer (mac_adress, id) values ('FD-9E-45-5E-AB-96', 351);
insert into computer (mac_adress, id) values ('CB-28-63-B3-ED-5D', 352);
insert into computer (mac_adress, id) values ('A5-93-7A-9D-AE-47', 353);
insert into computer (mac_adress, id) values ('E8-72-13-39-01-96', 354);
insert into computer (mac_adress, id) values ('4D-34-71-2F-E1-55', 355);
insert into computer (mac_adress, id) values ('22-80-42-01-BD-62', 356);
insert into computer (mac_adress, id) values ('D9-F3-A4-B8-34-55', 357);
insert into computer (mac_adress, id) values ('38-E4-96-E5-47-9F', 358);
insert into computer (mac_adress, id) values ('3B-44-01-5C-58-BE', 359);
insert into computer (mac_adress, id) values ('4E-07-0C-7F-CE-C9', 360);
insert into computer (mac_adress, id) values ('77-F0-E7-A0-EF-AF', 361);
insert into computer (mac_adress, id) values ('99-26-64-90-79-44', 362);
insert into computer (mac_adress, id) values ('33-81-DA-F9-69-68', 363);
insert into computer (mac_adress, id) values ('C8-32-CD-EB-B9-C4', 364);
insert into computer (mac_adress, id) values ('8E-07-9A-19-2F-5B', 365);
insert into computer (mac_adress, id) values ('1B-CB-8D-E8-AD-D0', 366);
insert into computer (mac_adress, id) values ('72-74-9F-1E-4C-DD', 367);
insert into computer (mac_adress, id) values ('CC-DA-32-45-7F-DD', 368);
insert into computer (mac_adress, id) values ('1D-B4-F5-CB-DC-25', 369);
insert into computer (mac_adress, id) values ('AB-8B-55-8C-BF-F8', 370);
insert into computer (mac_adress, id) values ('57-C5-7C-92-51-52', 371);
insert into computer (mac_adress, id) values ('C6-3E-DB-33-27-31', 372);
insert into computer (mac_adress, id) values ('28-1D-DD-86-81-BF', 373);
insert into computer (mac_adress, id) values ('9E-4A-E6-C3-C9-84', 374);
insert into computer (mac_adress, id) values ('D0-6B-E2-9E-78-8D', 375);
insert into computer (mac_adress, id) values ('E2-C7-E0-2A-67-A2', 376);
insert into computer (mac_adress, id) values ('29-C7-3A-C0-41-B8', 377);
insert into computer (mac_adress, id) values ('21-E0-E4-29-8D-DB', 378);
insert into computer (mac_adress, id) values ('42-41-24-0C-6F-FD', 379);
insert into computer (mac_adress, id) values ('9C-52-71-58-AC-0A', 380);
insert into computer (mac_adress, id) values ('33-9A-1D-E7-30-64', 381);
insert into computer (mac_adress, id) values ('1E-77-85-D8-2C-2B', 382);
insert into computer (mac_adress, id) values ('38-47-CB-84-7E-44', 383);
insert into computer (mac_adress, id) values ('23-C6-E7-1E-86-03', 384);
insert into computer (mac_adress, id) values ('72-C6-AA-F5-26-F5', 385);
insert into computer (mac_adress, id) values ('76-C8-11-59-8E-1A', 386);
insert into computer (mac_adress, id) values ('88-EF-7F-E9-16-6D', 387);
insert into computer (mac_adress, id) values ('BC-F5-FC-77-71-7D', 388);
insert into computer (mac_adress, id) values ('21-2C-EF-F2-1D-65', 389);
insert into computer (mac_adress, id) values ('50-3B-44-53-42-6B', 390);
insert into computer (mac_adress, id) values ('EC-B7-EC-EA-8D-81', 391);
insert into computer (mac_adress, id) values ('2C-D0-92-B7-9D-2B', 392);
insert into computer (mac_adress, id) values ('07-01-2B-AD-56-7C', 393);
insert into computer (mac_adress, id) values ('39-D7-AF-42-FC-E3', 394);
insert into computer (mac_adress, id) values ('30-90-70-98-CD-38', 395);
insert into computer (mac_adress, id) values ('CE-4F-69-27-EB-2C', 396);
insert into computer (mac_adress, id) values ('89-68-28-A0-C0-F5', 397);
insert into computer (mac_adress, id) values ('BF-5B-CB-75-EE-DD', 398);
insert into computer (mac_adress, id) values ('4D-4F-3A-EC-F4-71', 399);
insert into computer (mac_adress, id) values ('61-76-D4-AD-91-31', 400);
insert into computer (mac_adress, id) values ('51-D5-19-71-F8-57', 401);
insert into computer (mac_adress, id) values ('5D-6B-28-7E-A9-37', 402);
insert into computer (mac_adress, id) values ('B8-03-60-7D-E9-45', 403);
insert into computer (mac_adress, id) values ('09-F2-61-38-1C-F9', 404);
insert into computer (mac_adress, id) values ('BA-AC-54-FC-B0-54', 405);
insert into computer (mac_adress, id) values ('8F-ED-C3-AA-EA-60', 406);
insert into computer (mac_adress, id) values ('03-7A-5F-DA-36-54', 407);
insert into computer (mac_adress, id) values ('7F-64-08-5F-49-C8', 408);
insert into computer (mac_adress, id) values ('F1-D1-51-11-60-52', 409);
insert into computer (mac_adress, id) values ('6E-9B-C0-88-FC-59', 410);
insert into computer (mac_adress, id) values ('B6-3A-CA-E8-3B-9B', 411);
insert into computer (mac_adress, id) values ('3B-F8-2E-E1-CF-3E', 412);
insert into computer (mac_adress, id) values ('29-03-CC-12-63-D3', 413);
insert into computer (mac_adress, id) values ('7F-D8-9A-7A-32-F6', 414);
insert into computer (mac_adress, id) values ('39-1B-92-20-C6-02', 415);
insert into computer (mac_adress, id) values ('55-AB-12-66-3F-ED', 416);
insert into computer (mac_adress, id) values ('85-AE-E0-F3-1A-DB', 417);
insert into computer (mac_adress, id) values ('41-20-6F-41-B2-C4', 418);
insert into computer (mac_adress, id) values ('A2-CD-B8-D5-E9-DE', 419);
insert into computer (mac_adress, id) values ('A1-F1-45-F1-E3-60', 420);
insert into computer (mac_adress, id) values ('BF-ED-F1-11-A1-1C', 421);
insert into computer (mac_adress, id) values ('36-08-09-C2-76-B7', 422);
insert into computer (mac_adress, id) values ('09-AE-9B-25-A0-62', 423);
insert into computer (mac_adress, id) values ('48-A4-4D-23-A2-45', 424);
insert into computer (mac_adress, id) values ('37-74-20-D4-BF-F2', 425);
insert into computer (mac_adress, id) values ('3C-64-03-6D-54-97', 426);
insert into computer (mac_adress, id) values ('5E-16-BF-E4-05-2A', 427);
insert into computer (mac_adress, id) values ('6E-55-43-33-9D-7B', 428);
insert into computer (mac_adress, id) values ('96-EB-E1-73-11-65', 429);
insert into computer (mac_adress, id) values ('08-E0-E0-D1-06-48', 430);
insert into computer (mac_adress, id) values ('21-D5-2C-59-24-9B', 431);
insert into computer (mac_adress, id) values ('D1-2E-24-F0-AD-EE', 432);
insert into computer (mac_adress, id) values ('75-09-AE-13-32-47', 433);
insert into computer (mac_adress, id) values ('2B-29-33-35-26-EC', 434);
insert into computer (mac_adress, id) values ('B1-C9-53-BB-F7-DD', 435);
insert into computer (mac_adress, id) values ('A5-D2-3A-47-5F-12', 436);
insert into computer (mac_adress, id) values ('96-94-0A-18-15-17', 437);
insert into computer (mac_adress, id) values ('4B-43-71-EE-E6-D6', 438);
insert into computer (mac_adress, id) values ('BE-ED-96-4D-84-97', 439);
insert into computer (mac_adress, id) values ('91-4E-4A-B9-CD-57', 440);
insert into computer (mac_adress, id) values ('67-9F-E2-C9-8F-C9', 441);
insert into computer (mac_adress, id) values ('B3-87-F8-DD-76-FB', 442);
insert into computer (mac_adress, id) values ('4E-8F-6E-72-20-F9', 443);
insert into computer (mac_adress, id) values ('A1-B6-4C-B6-84-D6', 444);
insert into computer (mac_adress, id) values ('75-D9-0F-A1-C5-CB', 445);
insert into computer (mac_adress, id) values ('69-62-5C-B8-B8-FE', 446);
insert into computer (mac_adress, id) values ('58-47-B2-46-A6-D8', 447);
insert into computer (mac_adress, id) values ('65-DB-26-BB-09-74', 448);
insert into computer (mac_adress, id) values ('E3-85-22-8D-9A-9B', 449);
insert into computer (mac_adress, id) values ('28-45-A4-80-15-44', 450);
insert into computer (mac_adress, id) values ('7E-B3-D5-5C-E3-92', 451);
insert into computer (mac_adress, id) values ('EE-5D-6D-9C-BF-99', 452);
insert into computer (mac_adress, id) values ('B7-58-D4-6B-FA-F9', 453);
insert into computer (mac_adress, id) values ('2B-7E-91-08-A0-E4', 454);
insert into computer (mac_adress, id) values ('B8-22-DC-D4-F5-CE', 455);
insert into computer (mac_adress, id) values ('C2-C5-FF-44-0D-73', 456);
insert into computer (mac_adress, id) values ('EC-42-69-01-51-C5', 457);
insert into computer (mac_adress, id) values ('80-1C-D6-D2-97-EC', 458);
insert into computer (mac_adress, id) values ('78-95-0E-14-CE-E6', 459);
insert into computer (mac_adress, id) values ('AD-C5-2B-CE-AF-68', 460);
insert into computer (mac_adress, id) values ('63-81-20-0E-FD-98', 461);
insert into computer (mac_adress, id) values ('94-32-CB-BC-E7-39', 462);
insert into computer (mac_adress, id) values ('31-14-E9-36-B0-B8', 463);
insert into computer (mac_adress, id) values ('AD-5B-68-35-58-71', 464);
insert into computer (mac_adress, id) values ('94-92-9C-F9-FE-E2', 465);
insert into computer (mac_adress, id) values ('BE-09-A0-7D-E9-86', 466);
insert into computer (mac_adress, id) values ('5F-98-84-F0-33-B2', 467);
insert into computer (mac_adress, id) values ('CD-CD-4C-48-A1-DB', 468);
insert into computer (mac_adress, id) values ('00-9E-7D-D4-90-33', 469);
insert into computer (mac_adress, id) values ('A4-74-6A-FF-05-16', 470);
insert into computer (mac_adress, id) values ('B9-D5-81-3D-74-67', 471);
insert into computer (mac_adress, id) values ('AB-32-41-AF-CF-0A', 472);
insert into computer (mac_adress, id) values ('40-31-E3-4F-4C-8E', 473);
insert into computer (mac_adress, id) values ('1F-28-3C-24-8A-07', 474);
insert into computer (mac_adress, id) values ('0C-CC-D9-AF-97-34', 475);
insert into computer (mac_adress, id) values ('28-79-22-2E-9F-84', 476);
insert into computer (mac_adress, id) values ('31-1A-70-AE-F9-8A', 477);
insert into computer (mac_adress, id) values ('47-7A-A1-5E-BC-44', 478);
insert into computer (mac_adress, id) values ('21-DE-F2-1C-56-41', 479);
insert into computer (mac_adress, id) values ('3F-1A-B8-1A-B8-EC', 480);
insert into computer (mac_adress, id) values ('4F-12-A3-BB-16-7F', 481);
insert into computer (mac_adress, id) values ('64-D3-0F-9D-C5-2B', 482);
insert into computer (mac_adress, id) values ('80-51-97-0E-C5-28', 483);
insert into computer (mac_adress, id) values ('EE-B9-B8-B9-CF-AD', 484);
insert into computer (mac_adress, id) values ('66-AA-4E-D7-C4-5E', 485);
insert into computer (mac_adress, id) values ('B1-0D-CD-AA-53-52', 486);
insert into computer (mac_adress, id) values ('9F-8E-72-AA-8A-01', 487);
insert into computer (mac_adress, id) values ('37-83-D9-FD-44-26', 488);
insert into computer (mac_adress, id) values ('23-DB-20-56-C9-AC', 489);
insert into computer (mac_adress, id) values ('A8-1C-FF-57-16-2C', 490);
insert into computer (mac_adress, id) values ('17-D8-37-EA-3F-25', 491);
insert into computer (mac_adress, id) values ('8F-5E-49-FB-9E-C0', 492);
insert into computer (mac_adress, id) values ('AD-B9-9F-AD-DC-D3', 493);
insert into computer (mac_adress, id) values ('02-D4-08-59-70-63', 494);
insert into computer (mac_adress, id) values ('91-38-2E-F0-6B-EA', 495);
insert into computer (mac_adress, id) values ('83-FE-2F-47-16-D8', 496);
insert into computer (mac_adress, id) values ('9C-A6-63-CA-EC-26', 497);
insert into computer (mac_adress, id) values ('45-65-5F-2D-C3-9F', 498);
insert into computer (mac_adress, id) values ('9B-25-D1-71-93-28', 499);
insert into computer (mac_adress, id) values ('85-07-43-45-41-55', 500);

insert into maintenance (duration, admin_id, node_id) values (168, 92, 230);
insert into maintenance (duration, admin_id, node_id) values (160, 34, 174);
insert into maintenance (duration, admin_id, node_id) values (159, 72, 42);
insert into maintenance (duration, admin_id, node_id) values (155, 94, 222);
insert into maintenance (duration, admin_id, node_id) values (259, 58, 199);
insert into maintenance (duration, admin_id, node_id) values (291, 13, 463);
insert into maintenance (duration, admin_id, node_id) values (298, 53, 207);
insert into maintenance (duration, admin_id, node_id) values (228, 37, 62);
insert into maintenance (duration, admin_id, node_id) values (329, 88, 115);
insert into maintenance (duration, admin_id, node_id) values ( 82, 61, 381);
insert into maintenance (duration, admin_id, node_id) values (108, 6, 417);
insert into maintenance (duration, admin_id, node_id) values (108, 80, 94);
insert into maintenance (duration, admin_id, node_id) values (92, 19, 50);
insert into maintenance (duration, admin_id, node_id) values ( 304, 38, 447);
insert into maintenance (duration, admin_id, node_id) values ( 253, 23, 514);
insert into maintenance (duration, admin_id, node_id) values ( 96, 90, 439);
insert into maintenance (duration, admin_id, node_id) values ( 226, 50, 535);
insert into maintenance (duration, admin_id, node_id) values ( 227, 63, 20);
insert into maintenance (duration, admin_id, node_id) values ( 45, 69, 45);
insert into maintenance (duration, admin_id, node_id) values ( 300, 33, 269);
insert into maintenance (duration, admin_id, node_id) values ( 329, 85, 286);
insert into maintenance (duration, admin_id, node_id) values ( 145, 72, 481);
insert into maintenance (duration, admin_id, node_id) values ( 167, 53, 451);
insert into maintenance (duration, admin_id, node_id) values ( 228, 42, 514);
insert into maintenance (duration, admin_id, node_id) values ( 24, 25, 91);
insert into maintenance (duration, admin_id, node_id) values ( 319, 84, 516);
insert into maintenance (duration, admin_id, node_id) values ( 67, 22, 40);
insert into maintenance (duration, admin_id, node_id) values ( 168, 35, 368);
insert into maintenance (duration, admin_id, node_id) values ( 197, 82, 156);
insert into maintenance (duration, admin_id, node_id) values ( 298, 9, 141);
insert into maintenance (duration, admin_id, node_id) values ( 285, 31, 248);
insert into maintenance (duration, admin_id, node_id) values ( 156, 88, 415);
insert into maintenance (duration, admin_id, node_id) values ( 161, 91, 47);
insert into maintenance (duration, admin_id, node_id) values ( 341, 23, 123);
insert into maintenance (duration, admin_id, node_id) values ( 15, 11, 47);
insert into maintenance (duration, admin_id, node_id) values ( 232, 6, 331);
insert into maintenance (duration, admin_id, node_id) values ( 151, 33, 227);
insert into maintenance (duration, admin_id, node_id) values ( 152, 91, 351);
insert into maintenance (duration, admin_id, node_id) values ( 327, 15, 471);
insert into maintenance (duration, admin_id, node_id) values ( 170, 22, 326);
insert into maintenance (duration, admin_id, node_id) values ( 15, 65, 382);
insert into maintenance (duration, admin_id, node_id) values ( 275, 89, 478);
insert into maintenance (duration, admin_id, node_id) values ( 94, 70, 467);
insert into maintenance (duration, admin_id, node_id) values ( 253, 11, 268);
insert into maintenance (duration, admin_id, node_id) values ( 98, 62, 298);
insert into maintenance (duration, admin_id, node_id) values ( 9, 2, 57);
insert into maintenance (duration, admin_id, node_id) values ( 285, 79, 531);
insert into maintenance (duration, admin_id, node_id) values ( 5, 77, 390);
insert into maintenance (duration, admin_id, node_id) values ( 51, 84, 26);
insert into maintenance (duration, admin_id, node_id) values ( 54, 76, 81);
insert into maintenance (duration, admin_id, node_id) values ( 115, 39, 21);
insert into maintenance (duration, admin_id, node_id) values ( 194, 17, 410);
insert into maintenance (duration, admin_id, node_id) values ( 202, 22, 198);
insert into maintenance (duration, admin_id, node_id) values ( 212, 74, 332);
insert into maintenance (duration, admin_id, node_id) values ( 301, 33, 301);
insert into maintenance (duration, admin_id, node_id) values ( 60, 6, 385);
insert into maintenance (duration, admin_id, node_id) values ( 223, 99, 411);
insert into maintenance (duration, admin_id, node_id) values ( 6, 39, 197);
insert into maintenance (duration, admin_id, node_id) values ( 254, 38, 314);
insert into maintenance (duration, admin_id, node_id) values ( 44, 82, 424);
insert into maintenance (duration, admin_id, node_id) values ( 20, 46, 326);
insert into maintenance (duration, admin_id, node_id) values ( 96, 68, 368);
insert into maintenance (duration, admin_id, node_id) values ( 211, 27, 244);
insert into maintenance (duration, admin_id, node_id) values ( 63, 43, 263);
insert into maintenance (duration, admin_id, node_id) values ( 58, 68, 409);
insert into maintenance (duration, admin_id, node_id) values ( 92, 50, 248);
insert into maintenance (duration, admin_id, node_id) values ( 30, 37, 545);
insert into maintenance (duration, admin_id, node_id) values ( 113, 62, 239);
insert into maintenance (duration, admin_id, node_id) values ( 249, 34, 375);
insert into maintenance (duration, admin_id, node_id) values ( 194, 36, 116);
insert into maintenance (duration, admin_id, node_id) values ( 207, 86, 137);
insert into maintenance (duration, admin_id, node_id) values ( 104, 75, 22);
insert into maintenance (duration, admin_id, node_id) values ( 35, 76, 78);
insert into maintenance (duration, admin_id, node_id) values ( 82, 75, 40);
insert into maintenance (duration, admin_id, node_id) values ( 200, 45, 501);
insert into maintenance (duration, admin_id, node_id) values ( 320, 56, 472);
insert into maintenance (duration, admin_id, node_id) values ( 128, 7, 324);
insert into maintenance (duration, admin_id, node_id) values ( 4, 92, 401);
insert into maintenance (duration, admin_id, node_id) values ( 262, 64, 92);
insert into maintenance (duration, admin_id, node_id) values ( 347, 92, 316);
insert into maintenance (duration, admin_id, node_id) values ( 30, 15, 490);
insert into maintenance (duration, admin_id, node_id) values ( 86, 24, 243);
insert into maintenance (duration, admin_id, node_id) values ( 19, 54, 474);
insert into maintenance (duration, admin_id, node_id) values ( 255, 27, 305);
insert into maintenance (duration, admin_id, node_id) values ( 293, 86, 487);
insert into maintenance (duration, admin_id, node_id) values ( 111, 30, 217);
insert into maintenance (duration, admin_id, node_id) values ( 186, 39, 471);
insert into maintenance (duration, admin_id, node_id) values ( 19, 96, 146);
insert into maintenance (duration, admin_id, node_id) values ( 56, 99, 217);
insert into maintenance (duration, admin_id, node_id) values ( 292, 54, 81);
insert into maintenance (duration, admin_id, node_id) values ( 175, 5, 255);
insert into maintenance (duration, admin_id, node_id) values ( 258, 15, 363);
insert into maintenance (duration, admin_id, node_id) values ( 126, 2, 150);
insert into maintenance (duration, admin_id, node_id) values ( 52, 62, 391);
insert into maintenance (duration, admin_id, node_id) values ( 176, 5, 435);
insert into maintenance (duration, admin_id, node_id) values ( 87, 90, 212);
insert into maintenance (duration, admin_id, node_id) values ( 56, 99, 145);
insert into maintenance (duration, admin_id, node_id) values ( 101, 12, 498);
insert into maintenance (duration, admin_id, node_id) values ( 211, 28, 465);
insert into maintenance (duration, admin_id, node_id) values (1, 57, 180);
insert into maintenance (duration, admin_id, node_id) values (345, 54, 252);
insert into maintenance (duration, admin_id, node_id) values (64, 15, 282);
insert into maintenance (duration, admin_id, node_id) values (74, 38, 513);
insert into maintenance (duration, admin_id, node_id) values (44, 88, 166);
insert into maintenance (duration, admin_id, node_id) values (100, 68, 300);
insert into maintenance (duration, admin_id, node_id) values (78, 43, 123);
insert into maintenance (duration, admin_id, node_id) values (261, 85, 459);
insert into maintenance (duration, admin_id, node_id) values (255, 76, 325);
insert into maintenance (duration, admin_id, node_id) values (36, 56, 71);
insert into maintenance (duration, admin_id, node_id) values (188, 80, 517);
insert into maintenance (duration, admin_id, node_id) values (198, 97, 194);
insert into maintenance (duration, admin_id, node_id) values (241, 62, 350);
insert into maintenance (duration, admin_id, node_id) values (339, 90, 92);
insert into maintenance (duration, admin_id, node_id) values (205, 32, 374);
insert into maintenance (duration, admin_id, node_id) values (186, 4, 272);
insert into maintenance (duration, admin_id, node_id) values (136, 79, 379);
insert into maintenance (duration, admin_id, node_id) values (143, 100, 152);
insert into maintenance (duration, admin_id, node_id) values (109, 55, 182);
insert into maintenance (duration, admin_id, node_id) values (100, 77, 97);
insert into maintenance (duration, admin_id, node_id) values (183, 56, 159);
insert into maintenance (duration, admin_id, node_id) values (313, 69, 508);
insert into maintenance (duration, admin_id, node_id) values (238, 8, 503);
insert into maintenance (duration, admin_id, node_id) values (255, 28, 318);
insert into maintenance (duration, admin_id, node_id) values (188, 81, 216);
insert into maintenance (duration, admin_id, node_id) values (249, 8, 214);
insert into maintenance (duration, admin_id, node_id) values (42, 45, 198);
insert into maintenance (duration, admin_id, node_id) values (121, 54, 231);
insert into maintenance (duration, admin_id, node_id) values (293, 13, 503);
insert into maintenance (duration, admin_id, node_id) values (201, 71, 80);
insert into maintenance (duration, admin_id, node_id) values (254, 22, 330);
insert into maintenance (duration, admin_id, node_id) values (200, 15, 23);
insert into maintenance (duration, admin_id, node_id) values (281, 84, 292);
insert into maintenance (duration, admin_id, node_id) values (274, 25, 46);
insert into maintenance (duration, admin_id, node_id) values (158, 80, 390);
insert into maintenance (duration, admin_id, node_id) values (58, 1, 305);
insert into maintenance (duration, admin_id, node_id) values (282, 72, 346);
insert into maintenance (duration, admin_id, node_id) values (204, 34, 230);
insert into maintenance (duration, admin_id, node_id) values (211, 14, 15);
insert into maintenance (duration, admin_id, node_id) values (40, 93, 250);
insert into maintenance (duration, admin_id, node_id) values (7, 9, 294);
insert into maintenance (duration, admin_id, node_id) values (266, 89, 19);
insert into maintenance (duration, admin_id, node_id) values (100, 41, 160);
insert into maintenance (duration, admin_id, node_id) values (305, 63, 485);
insert into maintenance (duration, admin_id, node_id) values (145, 85, 200);
insert into maintenance (duration, admin_id, node_id) values (105, 13, 191);
insert into maintenance (duration, admin_id, node_id) values (43, 27, 515);
insert into maintenance (duration, admin_id, node_id) values (149, 25, 283);
insert into maintenance (duration, admin_id, node_id) values (48, 21, 420);
insert into maintenance (duration, admin_id, node_id) values (293, 15, 83);
insert into maintenance (duration, admin_id, node_id) values (323, 72, 368);
insert into maintenance (duration, admin_id, node_id) values (309, 33, 188);
insert into maintenance (duration, admin_id, node_id) values (350, 27, 445);
insert into maintenance (duration, admin_id, node_id) values (96, 34, 253);
insert into maintenance (duration, admin_id, node_id) values (123, 28, 61);
insert into maintenance (duration, admin_id, node_id) values (212, 67, 30);
insert into maintenance (duration, admin_id, node_id) values (225, 29, 352);
insert into maintenance (duration, admin_id, node_id) values (168, 53, 229);
insert into maintenance (duration, admin_id, node_id) values (334, 74, 96);
insert into maintenance (duration, admin_id, node_id) values (130, 40, 418);
insert into maintenance (duration, admin_id, node_id) values (299, 8, 270);
insert into maintenance (duration, admin_id, node_id) values (59, 81, 522);
insert into maintenance (duration, admin_id, node_id) values (234, 1, 182);
insert into maintenance (duration, admin_id, node_id) values (168, 45, 44);
insert into maintenance (duration, admin_id, node_id) values (55, 16, 334);
insert into maintenance (duration, admin_id, node_id) values (105, 13, 280);
insert into maintenance (duration, admin_id, node_id) values (146, 53, 392);
insert into maintenance (duration, admin_id, node_id) values (30, 43, 96);
insert into maintenance (duration, admin_id, node_id) values (1, 69, 432);
insert into maintenance (duration, admin_id, node_id) values (124, 91, 291);
insert into maintenance (duration, admin_id, node_id) values (92, 65, 174);
insert into maintenance (duration, admin_id, node_id) values (144, 31, 244);
insert into maintenance (duration, admin_id, node_id) values (251, 88, 367);
insert into maintenance (duration, admin_id, node_id) values (215, 44, 178);
insert into maintenance (duration, admin_id, node_id) values (186, 32, 368);
insert into maintenance (duration, admin_id, node_id) values (229, 2, 66);
insert into maintenance (duration, admin_id, node_id) values (321, 65, 190);
insert into maintenance (duration, admin_id, node_id) values (242, 78, 421);
insert into maintenance (duration, admin_id, node_id) values (236, 13, 493);
insert into maintenance (duration, admin_id, node_id) values (256, 2, 203);
insert into maintenance (duration, admin_id, node_id) values (6, 46, 168);
insert into maintenance (duration, admin_id, node_id) values (56, 91, 290);
insert into maintenance (duration, admin_id, node_id) values (121, 61, 422);
insert into maintenance (duration, admin_id, node_id) values (34, 50, 83);
insert into maintenance (duration, admin_id, node_id) values (141, 70, 180);
insert into maintenance (duration, admin_id, node_id) values (232, 50, 188);
insert into maintenance (duration, admin_id, node_id) values (97, 25, 229);
insert into maintenance (duration, admin_id, node_id) values (169, 100, 207);
insert into maintenance (duration, admin_id, node_id) values (305, 15, 21);
insert into maintenance (duration, admin_id, node_id) values (14, 56, 389);
insert into maintenance (duration, admin_id, node_id) values (99, 30, 396);
insert into maintenance (duration, admin_id, node_id) values (97, 42, 511);
insert into maintenance (duration, admin_id, node_id) values (290, 94, 402);
insert into maintenance (duration, admin_id, node_id) values (6, 10, 501);
insert into maintenance (duration, admin_id, node_id) values (231, 32, 429);
insert into maintenance (duration, admin_id, node_id) values (2, 97, 331);
insert into maintenance (duration, admin_id, node_id) values (8, 14, 349);
insert into maintenance (duration, admin_id, node_id) values (151, 39, 30);
insert into maintenance (duration, admin_id, node_id) values (5, 71, 374);
insert into maintenance (duration, admin_id, node_id) values (307, 36, 11);
insert into maintenance (duration, admin_id, node_id) values (32, 37, 226);
insert into maintenance (duration, admin_id, node_id) values (16, 47, 208);
insert into maintenance (duration, admin_id, node_id) values (84, 68, 496);
insert into maintenance (duration, admin_id, node_id) values (50, 77, 125);
insert into maintenance (duration, admin_id, node_id) values (294, 78, 309);
insert into maintenance (duration, admin_id, node_id) values (17, 20, 56);
insert into maintenance (duration, admin_id, node_id) values (182, 49, 215);
insert into maintenance (duration, admin_id, node_id) values (49, 27, 270);
insert into maintenance (duration, admin_id, node_id) values (9, 83, 44);
insert into maintenance (duration, admin_id, node_id) values (34, 34, 89);
insert into maintenance (duration, admin_id, node_id) values (141, 11, 437);
insert into maintenance (duration, admin_id, node_id) values (348, 4, 546);
insert into maintenance (duration, admin_id, node_id) values (301, 93, 257);
insert into maintenance (duration, admin_id, node_id) values (130, 17, 393);
insert into maintenance (duration, admin_id, node_id) values (147, 64, 415);
insert into maintenance (duration, admin_id, node_id) values (6, 81, 387);
insert into maintenance (duration, admin_id, node_id) values (274, 25, 278);
insert into maintenance (duration, admin_id, node_id) values (79, 14, 392);
insert into maintenance (duration, admin_id, node_id) values (148, 69, 342);
insert into maintenance (duration, admin_id, node_id) values (260, 79, 517);
insert into maintenance (duration, admin_id, node_id) values (133, 100, 385);
insert into maintenance (duration, admin_id, node_id) values (118, 81, 170);
insert into maintenance (duration, admin_id, node_id) values (143, 17, 331);
insert into maintenance (duration, admin_id, node_id) values (105, 26, 199);
insert into maintenance (duration, admin_id, node_id) values (139, 41, 451);
insert into maintenance (duration, admin_id, node_id) values (259, 94, 15);
insert into maintenance (duration, admin_id, node_id) values (151, 53, 63);
insert into maintenance (duration, admin_id, node_id) values (114, 10, 307);
insert into maintenance (duration, admin_id, node_id) values (171, 22, 256);
insert into maintenance (duration, admin_id, node_id) values (44, 17, 148);
insert into maintenance (duration, admin_id, node_id) values (207, 55, 518);
insert into maintenance (duration, admin_id, node_id) values (76, 84, 280);
insert into maintenance (duration, admin_id, node_id) values (302, 72, 148);
insert into maintenance (duration, admin_id, node_id) values (328, 11, 98);
insert into maintenance (duration, admin_id, node_id) values (281, 84, 180);
insert into maintenance (duration, admin_id, node_id) values (6, 73, 69);
insert into maintenance (duration, admin_id, node_id) values (154, 8, 340);
insert into maintenance (duration, admin_id, node_id) values (255, 73, 243);
insert into maintenance (duration, admin_id, node_id) values (151, 24, 238);
insert into maintenance (duration, admin_id, node_id) values (57, 6, 311);
insert into maintenance (duration, admin_id, node_id) values (278, 36, 304);
insert into maintenance (duration, admin_id, node_id) values (158, 68, 129);
insert into maintenance (duration, admin_id, node_id) values (198, 29, 423);
insert into maintenance (duration, admin_id, node_id) values (90, 13, 269);
insert into maintenance (duration, admin_id, node_id) values (216, 86, 466);
insert into maintenance (duration, admin_id, node_id) values (156, 83, 243);
insert into maintenance (duration, admin_id, node_id) values (28, 56, 300);
insert into maintenance (duration, admin_id, node_id) values (256, 41, 10);
insert into maintenance (duration, admin_id, node_id) values (255, 99, 381);
insert into maintenance (duration, admin_id, node_id) values (151, 87, 414);
insert into maintenance (duration, admin_id, node_id) values (93, 6, 244);
insert into maintenance (duration, admin_id, node_id) values (121, 55, 466);
insert into maintenance (duration, admin_id, node_id) values (102, 31, 33);
insert into maintenance (duration, admin_id, node_id) values (147, 15, 300);
insert into maintenance (duration, admin_id, node_id) values (347, 90, 76);
insert into maintenance (duration, admin_id, node_id) values (263, 22, 178);
insert into maintenance (duration, admin_id, node_id) values (272, 61, 298);
insert into maintenance (duration, admin_id, node_id) values (157, 94, 198);
insert into maintenance (duration, admin_id, node_id) values (18, 75, 317);
insert into maintenance (duration, admin_id, node_id) values (30, 93, 337);
insert into maintenance (duration, admin_id, node_id) values (39, 27, 11);
insert into maintenance (duration, admin_id, node_id) values (170, 48, 506);
insert into maintenance (duration, admin_id, node_id) values (274, 25, 275);
insert into maintenance (duration, admin_id, node_id) values (189, 21, 244);
insert into maintenance (duration, admin_id, node_id) values (55, 81, 395);
insert into maintenance (duration, admin_id, node_id) values (240, 24, 490);
insert into maintenance (duration, admin_id, node_id) values (199, 95, 341);
insert into maintenance (duration, admin_id, node_id) values (244, 52, 264);
insert into maintenance (duration, admin_id, node_id) values (203, 27, 29);
insert into maintenance (duration, admin_id, node_id) values (198, 74, 547);
insert into maintenance (duration, admin_id, node_id) values (309, 63, 155);
insert into maintenance (duration, admin_id, node_id) values (211, 39, 405);
insert into maintenance (duration, admin_id, node_id) values (272, 66, 353);
insert into maintenance (duration, admin_id, node_id) values (67, 28, 507);
insert into maintenance (duration, admin_id, node_id) values (329, 71, 27);
insert into maintenance (duration, admin_id, node_id) values (144, 55, 504);
insert into maintenance (duration, admin_id, node_id) values (296, 14, 24);
insert into maintenance (duration, admin_id, node_id) values (333, 99, 151);
insert into maintenance (duration, admin_id, node_id) values (97, 35, 350);
insert into maintenance (duration, admin_id, node_id) values (86, 22, 243);
insert into maintenance (duration, admin_id, node_id) values (79, 52, 64);
insert into maintenance (duration, admin_id, node_id) values (72, 15, 226);
insert into maintenance (duration, admin_id, node_id) values (58, 6, 236);
insert into maintenance (duration, admin_id, node_id) values (191, 92, 392);
insert into maintenance (duration, admin_id, node_id) values (10, 18, 278);
insert into maintenance (duration, admin_id, node_id) values (163, 100, 387);
insert into maintenance (duration, admin_id, node_id) values (89, 6, 320);
insert into maintenance (duration, admin_id, node_id) values (292, 52, 204);
insert into maintenance (duration, admin_id, node_id) values (134, 19, 538);
insert into maintenance (duration, admin_id, node_id) values (165, 56, 387);
insert into maintenance (duration, admin_id, node_id) values (7, 97, 433);
insert into maintenance (duration, admin_id, node_id) values (93, 24, 214);
insert into maintenance (duration, admin_id, node_id) values (344, 4, 350);
insert into maintenance (duration, admin_id, node_id) values (111, 97, 72);
insert into maintenance (duration, admin_id, node_id) values (177, 50, 379);
insert into maintenance (duration, admin_id, node_id) values (115, 36, 195);
insert into maintenance (duration, admin_id, node_id) values (50, 46, 39);
insert into maintenance (duration, admin_id, node_id) values (160, 71, 343);
insert into maintenance (duration, admin_id, node_id) values (76, 2, 402);
insert into maintenance (duration, admin_id, node_id) values (49, 22, 177);
insert into maintenance (duration, admin_id, node_id) values (227, 28, 342);
insert into maintenance (duration, admin_id, node_id) values (101, 2, 328);
insert into maintenance (duration, admin_id, node_id) values (49, 5, 99);
insert into maintenance (duration, admin_id, node_id) values (144, 42, 27);
insert into maintenance (duration, admin_id, node_id) values (74, 52, 45);
insert into maintenance (duration, admin_id, node_id) values (189, 85, 210);
insert into maintenance (duration, admin_id, node_id) values (64, 66, 333);
insert into maintenance (duration, admin_id, node_id) values (153, 26, 109);
insert into maintenance (duration, admin_id, node_id) values (334, 22, 204);
insert into maintenance (duration, admin_id, node_id) values (91, 40, 541);
insert into maintenance (duration, admin_id, node_id) values (331, 56, 473);
insert into maintenance (duration, admin_id, node_id) values (129, 10, 321);
insert into maintenance (duration, admin_id, node_id) values (204, 47, 423);
insert into maintenance (duration, admin_id, node_id) values (211, 96, 533);
insert into maintenance (duration, admin_id, node_id) values (293, 31, 374);
insert into maintenance (duration, admin_id, node_id) values (227, 93, 141);
insert into maintenance (duration, admin_id, node_id) values (191, 14, 500);
insert into maintenance (duration, admin_id, node_id) values (265, 19, 45);
insert into maintenance (duration, admin_id, node_id) values (257, 79, 378);
insert into maintenance (duration, admin_id, node_id) values (173, 51, 223);
insert into maintenance (duration, admin_id, node_id) values (251, 87, 49);
insert into maintenance (duration, admin_id, node_id) values (335, 75, 74);
insert into maintenance (duration, admin_id, node_id) values (156, 28, 324);
insert into maintenance (duration, admin_id, node_id) values (192, 68, 239);
insert into maintenance (duration, admin_id, node_id) values (231, 3, 519);
insert into maintenance (duration, admin_id, node_id) values (148, 77, 225);
insert into maintenance (duration, admin_id, node_id) values (350, 46, 44);
insert into maintenance (duration, admin_id, node_id) values (183, 37, 366);
insert into maintenance (duration, admin_id, node_id) values (59, 62, 449);
insert into maintenance (duration, admin_id, node_id) values (208, 47, 123);
insert into maintenance (duration, admin_id, node_id) values (12, 98, 116);
insert into maintenance (duration, admin_id, node_id) values (231, 90, 252);
insert into maintenance (duration, admin_id, node_id) values (59, 93, 145);
insert into maintenance (duration, admin_id, node_id) values (180, 32, 509);
insert into maintenance (duration, admin_id, node_id) values (80, 29, 178);
insert into maintenance (duration, admin_id, node_id) values (138, 88, 130);
insert into maintenance (duration, admin_id, node_id) values (42, 95, 150);
insert into maintenance (duration, admin_id, node_id) values (41, 31, 510);
insert into maintenance (duration, admin_id, node_id) values (99, 24, 477);
insert into maintenance (duration, admin_id, node_id) values (204, 63, 422);
insert into maintenance (duration, admin_id, node_id) values (69, 97, 75);
insert into maintenance (duration, admin_id, node_id) values (167, 28, 244);
insert into maintenance (duration, admin_id, node_id) values (22, 15, 297);
insert into maintenance (duration, admin_id, node_id) values (153, 9, 62);
insert into maintenance (duration, admin_id, node_id) values (275, 27, 117);
insert into maintenance (duration, admin_id, node_id) values (343, 72, 442);
insert into maintenance (duration, admin_id, node_id) values (113, 1, 429);
insert into maintenance (duration, admin_id, node_id) values (94, 64, 26);
insert into maintenance (duration, admin_id, node_id) values (252, 91, 139);
insert into maintenance (duration, admin_id, node_id) values (86, 45, 80);
insert into maintenance (duration, admin_id, node_id) values (260, 73, 183);
insert into maintenance (duration, admin_id, node_id) values (316, 79, 550);
insert into maintenance (duration, admin_id, node_id) values (319, 81, 471);
insert into maintenance (duration, admin_id, node_id) values (289, 42, 262);
insert into maintenance (duration, admin_id, node_id) values (329, 2, 281);
insert into maintenance (duration, admin_id, node_id) values (288, 83, 409);
insert into maintenance (duration, admin_id, node_id) values (188, 30, 87);
insert into maintenance (duration, admin_id, node_id) values (276, 98, 47);
insert into maintenance (duration, admin_id, node_id) values (262, 96, 150);
insert into maintenance (duration, admin_id, node_id) values (247, 72, 457);
insert into maintenance (duration, admin_id, node_id) values (187, 62, 335);
insert into maintenance (duration, admin_id, node_id) values (237, 31, 488);
insert into maintenance (duration, admin_id, node_id) values (66, 32, 152);
insert into maintenance (duration, admin_id, node_id) values (97, 9, 22);
insert into maintenance (duration, admin_id, node_id) values (185, 93, 188);
insert into maintenance (duration, admin_id, node_id) values (298, 69, 445);
insert into maintenance (duration, admin_id, node_id) values (90, 51, 429);
insert into maintenance (duration, admin_id, node_id) values (92, 11, 153);
insert into maintenance (duration, admin_id, node_id) values (285, 87, 56);
insert into maintenance (duration, admin_id, node_id) values (124, 22, 28);
insert into maintenance (duration, admin_id, node_id) values (88, 37, 295);
insert into maintenance (duration, admin_id, node_id) values (273, 63, 47);
insert into maintenance (duration, admin_id, node_id) values (301, 15, 409);
insert into maintenance (duration, admin_id, node_id) values (47, 3, 261);
insert into maintenance (duration, admin_id, node_id) values (49, 1, 143);
insert into maintenance (duration, admin_id, node_id) values (218, 91, 23);
insert into maintenance (duration, admin_id, node_id) values (295, 6, 233);
insert into maintenance (duration, admin_id, node_id) values (15, 79, 164);
insert into maintenance (duration, admin_id, node_id) values (128, 76, 406);
insert into maintenance (duration, admin_id, node_id) values (41, 22, 64);
insert into maintenance (duration, admin_id, node_id) values (304, 77, 241);
insert into maintenance (duration, admin_id, node_id) values (93, 67, 154);
insert into maintenance (duration, admin_id, node_id) values (309, 77, 453);
insert into maintenance (duration, admin_id, node_id) values (200, 88, 39);
insert into maintenance (duration, admin_id, node_id) values (91, 41, 549);
insert into maintenance (duration, admin_id, node_id) values (112, 72, 412);
insert into maintenance (duration, admin_id, node_id) values (188, 12, 515);
insert into maintenance (duration, admin_id, node_id) values (317, 4, 99);
insert into maintenance (duration, admin_id, node_id) values (348, 31, 270);
insert into maintenance (duration, admin_id, node_id) values (278, 84, 173);
insert into maintenance (duration, admin_id, node_id) values (204, 69, 338);
insert into maintenance (duration, admin_id, node_id) values (112, 17, 403);
insert into maintenance (duration, admin_id, node_id) values (155, 32, 133);
insert into maintenance (duration, admin_id, node_id) values (165, 45, 117);
insert into maintenance (duration, admin_id, node_id) values (341, 7, 290);
insert into maintenance (duration, admin_id, node_id) values (128, 89, 474);
insert into maintenance (duration, admin_id, node_id) values (299, 12, 379);
insert into maintenance (duration, admin_id, node_id) values (77, 51, 197);
insert into maintenance (duration, admin_id, node_id) values (325, 14, 168);
insert into maintenance (duration, admin_id, node_id) values (207, 57, 315);
insert into maintenance (duration, admin_id, node_id) values (97, 43, 239);
insert into maintenance (duration, admin_id, node_id) values (181, 34, 487);
insert into maintenance (duration, admin_id, node_id) values (130, 97, 364);
insert into maintenance (duration, admin_id, node_id) values (260, 16, 375);
insert into maintenance (duration, admin_id, node_id) values (151, 96, 206);
insert into maintenance (duration, admin_id, node_id) values (313, 29, 181);
insert into maintenance (duration, admin_id, node_id) values (130, 59, 320);
insert into maintenance (duration, admin_id, node_id) values (310, 99, 398);
insert into maintenance (duration, admin_id, node_id) values (211, 46, 283);
insert into maintenance (duration, admin_id, node_id) values (107, 79, 320);
insert into maintenance (duration, admin_id, node_id) values (145, 39, 523);
insert into maintenance (duration, admin_id, node_id) values (72, 39, 263);
insert into maintenance (duration, admin_id, node_id) values (68, 42, 106);
insert into maintenance (duration, admin_id, node_id) values (125, 27, 511);
insert into maintenance (duration, admin_id, node_id) values (119, 56, 466);
insert into maintenance (duration, admin_id, node_id) values (42, 71, 321);
insert into maintenance (duration, admin_id, node_id) values (211, 3, 205);
insert into maintenance (duration, admin_id, node_id) values (319, 34, 326);
insert into maintenance (duration, admin_id, node_id) values (16, 48, 112);
insert into maintenance (duration, admin_id, node_id) values (187, 74, 461);
insert into maintenance (duration, admin_id, node_id) values (30, 46, 466);
insert into maintenance (duration, admin_id, node_id) values (339, 96, 402);
insert into maintenance (duration, admin_id, node_id) values (319, 12, 326);
insert into maintenance (duration, admin_id, node_id) values (31, 27, 292);
insert into maintenance (duration, admin_id, node_id) values (267, 38, 181);
insert into maintenance (duration, admin_id, node_id) values (221, 81, 296);
insert into maintenance (duration, admin_id, node_id) values (206, 3, 318);
insert into maintenance (duration, admin_id, node_id) values (216, 90, 120);
insert into maintenance (duration, admin_id, node_id) values (128, 37, 10);
insert into maintenance (duration, admin_id, node_id) values (99, 5, 402);
insert into maintenance (duration, admin_id, node_id) values (68, 22, 536);
insert into maintenance (duration, admin_id, node_id) values (163, 87, 406);
insert into maintenance (duration, admin_id, node_id) values (155, 81, 463);
insert into maintenance (duration, admin_id, node_id) values (280, 1, 33);
insert into maintenance (duration, admin_id, node_id) values (64, 100, 159);
insert into maintenance (duration, admin_id, node_id) values (29, 30, 415);
insert into maintenance (duration, admin_id, node_id) values (271, 26, 104);
insert into maintenance (duration, admin_id, node_id) values (69, 56, 102);
insert into maintenance (duration, admin_id, node_id) values (100, 87, 493);
insert into maintenance (duration, admin_id, node_id) values (264, 16, 35);
insert into maintenance (duration, admin_id, node_id) values (41, 76, 550);
insert into maintenance (duration, admin_id, node_id) values (189, 1, 82);
insert into maintenance (duration, admin_id, node_id) values (137, 36, 120);
insert into maintenance (duration, admin_id, node_id) values (149, 7, 540);
insert into maintenance (duration, admin_id, node_id) values (204, 7, 458);
insert into maintenance (duration, admin_id, node_id) values (347, 30, 78);
insert into maintenance (duration, admin_id, node_id) values (75, 39, 346);
insert into maintenance (duration, admin_id, node_id) values (174, 42, 81);
insert into maintenance (duration, admin_id, node_id) values (287, 53, 238);
insert into maintenance (duration, admin_id, node_id) values (268, 27, 298);
insert into maintenance (duration, admin_id, node_id) values (38, 72, 327);
insert into maintenance (duration, admin_id, node_id) values (164, 96, 526);
insert into maintenance (duration, admin_id, node_id) values (154, 100, 459);
insert into maintenance (duration, admin_id, node_id) values (61, 26, 210);
insert into maintenance (duration, admin_id, node_id) values (141, 23, 423);
insert into maintenance (duration, admin_id, node_id) values (235, 13, 82);
insert into maintenance (duration, admin_id, node_id) values (192, 11, 160);
insert into maintenance (duration, admin_id, node_id) values (205, 63, 361);
insert into maintenance (duration, admin_id, node_id) values (93, 32, 167);
insert into maintenance (duration, admin_id, node_id) values (308, 63, 118);
insert into maintenance (duration, admin_id, node_id) values (27, 87, 273);
insert into maintenance (duration, admin_id, node_id) values (194, 95, 292);
insert into maintenance (duration, admin_id, node_id) values (3, 52, 420);
insert into maintenance (duration, admin_id, node_id) values (246, 14, 329);
insert into maintenance (duration, admin_id, node_id) values (216, 86, 303);
insert into maintenance (duration, admin_id, node_id) values (106, 11, 548);
insert into maintenance (duration, admin_id, node_id) values (217, 58, 285);
insert into maintenance (duration, admin_id, node_id) values (136, 1, 64);
insert into maintenance (duration, admin_id, node_id) values (168, 86, 322);
insert into maintenance (duration, admin_id, node_id) values (172, 5, 159);
insert into maintenance (duration, admin_id, node_id) values (33, 6, 130);
insert into maintenance (duration, admin_id, node_id) values (248, 26, 354);
insert into maintenance (duration, admin_id, node_id) values (173, 13, 81);
insert into maintenance (duration, admin_id, node_id) values (304, 92, 455);
insert into maintenance (duration, admin_id, node_id) values (60, 21, 293);
insert into maintenance (duration, admin_id, node_id) values (200, 71, 292);
insert into maintenance (duration, admin_id, node_id) values (338, 5, 262);
insert into maintenance (duration, admin_id, node_id) values (184, 72, 373);
insert into maintenance (duration, admin_id, node_id) values (311, 29, 440);
insert into maintenance (duration, admin_id, node_id) values (344, 46, 533);
insert into maintenance (duration, admin_id, node_id) values (227, 49, 48);
insert into maintenance (duration, admin_id, node_id) values (34, 51, 420);
insert into maintenance (duration, admin_id, node_id) values (269, 33, 318);
insert into maintenance (duration, admin_id, node_id) values (293, 11, 110);
insert into maintenance (duration, admin_id, node_id) values (227, 73, 7);
insert into maintenance (duration, admin_id, node_id) values (90, 44, 236);
insert into maintenance (duration, admin_id, node_id) values (302, 88, 121);
insert into maintenance (duration, admin_id, node_id) values (134, 46, 460);
insert into maintenance (duration, admin_id, node_id) values (32, 53, 10);
insert into maintenance (duration, admin_id, node_id) values (114, 31, 51);
insert into maintenance (duration, admin_id, node_id) values (180, 44, 54);
insert into maintenance (duration, admin_id, node_id) values (262, 12, 412);
insert into maintenance (duration, admin_id, node_id) values (109, 62, 293);
insert into maintenance (duration, admin_id, node_id) values (182, 51, 482);
insert into maintenance (duration, admin_id, node_id) values (343, 46, 189);
insert into maintenance (duration, admin_id, node_id) values (197, 93, 6);
insert into maintenance (duration, admin_id, node_id) values (281, 55, 470);
insert into maintenance (duration, admin_id, node_id) values (93, 60, 201);
insert into maintenance (duration, admin_id, node_id) values (172, 18, 267);
insert into maintenance (duration, admin_id, node_id) values (240, 37, 85);
insert into maintenance (duration, admin_id, node_id) values (41, 85, 336);
insert into maintenance (duration, admin_id, node_id) values (37, 52, 382);
insert into maintenance (duration, admin_id, node_id) values (183, 8, 478);
insert into maintenance (duration, admin_id, node_id) values (297, 93, 66);
insert into maintenance (duration, admin_id, node_id) values (266, 44, 520);
insert into maintenance (duration, admin_id, node_id) values (90, 56, 143);
insert into maintenance (duration, admin_id, node_id) values (209, 42, 269);
insert into maintenance (duration, admin_id, node_id) values (84, 80, 117);
insert into maintenance (duration, admin_id, node_id) values (94, 43, 203);
insert into maintenance (duration, admin_id, node_id) values (79, 65, 433);
insert into maintenance (duration, admin_id, node_id) values (227, 18, 276);
insert into maintenance (duration, admin_id, node_id) values (263, 73, 206);
insert into maintenance (duration, admin_id, node_id) values (67, 79, 222);
insert into maintenance (duration, admin_id, node_id) values (237, 55, 106);
insert into maintenance (duration, admin_id, node_id) values (1, 48, 51);
insert into maintenance (duration, admin_id, node_id) values (81, 90, 459);
insert into maintenance (duration, admin_id, node_id) values (192, 87, 192);
insert into maintenance (duration, admin_id, node_id) values (219, 85, 260);
insert into maintenance (duration, admin_id, node_id) values (284, 91, 394);
insert into maintenance (duration, admin_id, node_id) values (158, 72, 269);
insert into maintenance (duration, admin_id, node_id) values (235, 37, 369);
insert into maintenance (duration, admin_id, node_id) values (276, 10, 415);
insert into maintenance (duration, admin_id, node_id) values (296, 79, 3);
insert into maintenance (duration, admin_id, node_id) values (268, 10, 93);
insert into maintenance (duration, admin_id, node_id) values (288, 39, 539);
insert into maintenance (duration, admin_id, node_id) values (50, 9, 428);
insert into maintenance (duration, admin_id, node_id) values (167, 99, 230);
insert into maintenance (duration, admin_id, node_id) values (318, 76, 111);
insert into maintenance (duration, admin_id, node_id) values (55, 65, 357);
insert into maintenance (duration, admin_id, node_id) values (53, 79, 152);
insert into maintenance (duration, admin_id, node_id) values (33, 3, 489);
insert into maintenance (duration, admin_id, node_id) values (328, 53, 498);
insert into maintenance (duration, admin_id, node_id) values (182, 36, 363);
insert into maintenance (duration, admin_id, node_id) values (57, 10, 425);
insert into maintenance (duration, admin_id, node_id) values (248, 72, 360);
insert into maintenance (duration, admin_id, node_id) values (304, 18, 420);
insert into maintenance (duration, admin_id, node_id) values (283, 82, 505);
insert into maintenance (duration, admin_id, node_id) values (324, 75, 205);
insert into maintenance (duration, admin_id, node_id) values (265, 25, 356);
insert into maintenance (duration, admin_id, node_id) values (330, 49, 216);
insert into maintenance (duration, admin_id, node_id) values (277, 82, 195);
insert into maintenance (duration, admin_id, node_id) values (39, 1, 301);
insert into maintenance (duration, admin_id, node_id) values (44, 57, 442);
insert into maintenance (duration, admin_id, node_id) values (143, 55, 518);
insert into maintenance (duration, admin_id, node_id) values (187, 74, 542);
insert into maintenance (duration, admin_id, node_id) values (111, 9, 367);
insert into maintenance (duration, admin_id, node_id) values (103, 19, 326);
insert into maintenance (duration, admin_id, node_id) values (176, 91, 229);
insert into maintenance (duration, admin_id, node_id) values (164, 60, 327);
insert into maintenance (duration, admin_id, node_id) values (47, 65, 142);
insert into maintenance (duration, admin_id, node_id) values (316, 72, 548);
insert into maintenance (duration, admin_id, node_id) values (348, 21, 359);
insert into maintenance (duration, admin_id, node_id) values (10, 93, 438);
insert into maintenance (duration, admin_id, node_id) values (213, 54, 522);
insert into maintenance (duration, admin_id, node_id) values (279, 100, 190);
insert into maintenance (duration, admin_id, node_id) values (165, 62, 208);
insert into maintenance (duration, admin_id, node_id) values (49, 95, 536);
insert into maintenance (duration, admin_id, node_id) values (181, 10, 13);
insert into maintenance (duration, admin_id, node_id) values (350, 4, 271);
insert into maintenance (duration, admin_id, node_id) values (129, 42, 283);
insert into maintenance (duration, admin_id, node_id) values (128, 72, 29);
insert into maintenance (duration, admin_id, node_id) values (299, 32, 280);
insert into maintenance (duration, admin_id, node_id) values (325, 19, 417);
insert into maintenance (duration, admin_id, node_id) values (77, 5, 439);
insert into maintenance (duration, admin_id, node_id) values (242, 65, 257);
insert into maintenance (duration, admin_id, node_id) values (101, 96, 292);
insert into maintenance (duration, admin_id, node_id) values (323, 55, 317);
insert into maintenance (duration, admin_id, node_id) values (256, 45, 198);
insert into maintenance (duration, admin_id, node_id) values (182, 57, 393);
insert into maintenance (duration, admin_id, node_id) values (42, 92, 380);
insert into maintenance (duration, admin_id, node_id) values (73, 41, 37);
insert into maintenance (duration, admin_id, node_id) values (84, 14, 424);
insert into maintenance (duration, admin_id, node_id) values (117, 87, 217);
insert into maintenance (duration, admin_id, node_id) values (239, 95, 342);
insert into maintenance (duration, admin_id, node_id) values (107, 21, 511);
insert into maintenance (duration, admin_id, node_id) values (262, 24, 406);
insert into maintenance (duration, admin_id, node_id) values (35, 75, 72);
insert into maintenance (duration, admin_id, node_id) values (344, 4, 155);
insert into maintenance (duration, admin_id, node_id) values (341, 40, 164);
insert into maintenance (duration, admin_id, node_id) values (81, 40, 150);
insert into maintenance (duration, admin_id, node_id) values (174, 38, 134);
insert into maintenance (duration, admin_id, node_id) values (344, 4, 400);
insert into maintenance (duration, admin_id, node_id) values (210, 81, 179);
insert into maintenance (duration, admin_id, node_id) values (8, 49, 407);
insert into maintenance (duration, admin_id, node_id) values (294, 31, 241);
insert into maintenance (duration, admin_id, node_id) values (266, 89, 468);
insert into maintenance (duration, admin_id, node_id) values (290, 21, 108);
insert into maintenance (duration, admin_id, node_id) values (7, 42, 316);
insert into maintenance (duration, admin_id, node_id) values (153, 66, 178);
insert into maintenance (duration, admin_id, node_id) values (293, 46, 275);
insert into maintenance (duration, admin_id, node_id) values (141, 68, 249);
insert into maintenance (duration, admin_id, node_id) values (22, 10, 221);
insert into maintenance (duration, admin_id, node_id) values (95, 89, 489);
insert into maintenance (duration, admin_id, node_id) values (3, 35, 546);
insert into maintenance (duration, admin_id, node_id) values (209, 90, 456);
insert into maintenance (duration, admin_id, node_id) values (343, 98, 312);
insert into maintenance (duration, admin_id, node_id) values (229, 65, 489);
insert into maintenance (duration, admin_id, node_id) values (250, 94, 110);
insert into maintenance (duration, admin_id, node_id) values (78, 50, 204);
insert into maintenance (duration, admin_id, node_id) values (87, 70, 283);
insert into maintenance (duration, admin_id, node_id) values (269, 73, 285);
insert into maintenance (duration, admin_id, node_id) values (305, 36, 13);
insert into maintenance (duration, admin_id, node_id) values (202, 77, 531);
insert into maintenance (duration, admin_id, node_id) values (249, 4, 85);
insert into maintenance (duration, admin_id, node_id) values (172, 55, 315);
insert into maintenance (duration, admin_id, node_id) values (308, 1, 445);
insert into maintenance (duration, admin_id, node_id) values (246, 55, 192);
insert into maintenance (duration, admin_id, node_id) values (339, 59, 314);
insert into maintenance (duration, admin_id, node_id) values (153, 47, 356);
insert into maintenance (duration, admin_id, node_id) values (78, 50, 290);
insert into maintenance (duration, admin_id, node_id) values (253, 52, 268);
insert into maintenance (duration, admin_id, node_id) values (346, 41, 92);
insert into maintenance (duration, admin_id, node_id) values (52, 49, 403);
insert into maintenance (duration, admin_id, node_id) values (231, 24, 407);
insert into maintenance (duration, admin_id, node_id) values (194, 21, 124);
insert into maintenance (duration, admin_id, node_id) values (23, 39, 92);
insert into maintenance (duration, admin_id, node_id) values (131, 97, 176);
insert into maintenance (duration, admin_id, node_id) values (340, 76, 454);
insert into maintenance (duration, admin_id, node_id) values (67, 25, 306);
insert into maintenance (duration, admin_id, node_id) values (259, 40, 84);
insert into maintenance (duration, admin_id, node_id) values (89, 42, 239);
insert into maintenance (duration, admin_id, node_id) values (11, 39, 42);
insert into maintenance (duration, admin_id, node_id) values (222, 41, 385);
insert into maintenance (duration, admin_id, node_id) values (331, 29, 395);
insert into maintenance (duration, admin_id, node_id) values (311, 65, 412);
insert into maintenance (duration, admin_id, node_id) values (204, 75, 17);
insert into maintenance (duration, admin_id, node_id) values (251, 65, 533);
insert into maintenance (duration, admin_id, node_id) values (342, 96, 438);
insert into maintenance (duration, admin_id, node_id) values (340, 67, 342);
insert into maintenance (duration, admin_id, node_id) values (68, 47, 277);
insert into maintenance (duration, admin_id, node_id) values (133, 37, 470);
insert into maintenance (duration, admin_id, node_id) values (104, 81, 325);
insert into maintenance (duration, admin_id, node_id) values (117, 49, 159);
insert into maintenance (duration, admin_id, node_id) values (275, 100, 119);
insert into maintenance (duration, admin_id, node_id) values (232, 65, 371);
insert into maintenance (duration, admin_id, node_id) values (202, 4, 239);
insert into maintenance (duration, admin_id, node_id) values (273, 88, 409);
insert into maintenance (duration, admin_id, node_id) values (207, 30, 547);
insert into maintenance (duration, admin_id, node_id) values (154, 44, 168);
insert into maintenance (duration, admin_id, node_id) values (50, 62, 334);
insert into maintenance (duration, admin_id, node_id) values (33, 94, 43);
insert into maintenance (duration, admin_id, node_id) values (62, 62, 311);
insert into maintenance (duration, admin_id, node_id) values (143, 57, 209);
insert into maintenance (duration, admin_id, node_id) values (274, 76, 472);
insert into maintenance (duration, admin_id, node_id) values (263, 83, 487);
insert into maintenance (duration, admin_id, node_id) values (217, 15, 457);
insert into maintenance (duration, admin_id, node_id) values (292, 34, 441);
insert into maintenance (duration, admin_id, node_id) values (170, 93, 547);
insert into maintenance (duration, admin_id, node_id) values (64, 100, 154);
insert into maintenance (duration, admin_id, node_id) values (245, 84, 363);
insert into maintenance (duration, admin_id, node_id) values (295, 74, 37);
insert into maintenance (duration, admin_id, node_id) values (142, 59, 416);
insert into maintenance (duration, admin_id, node_id) values (324, 81, 83);
insert into maintenance (duration, admin_id, node_id) values (280, 43, 312);
insert into maintenance (duration, admin_id, node_id) values (49, 85, 198);
insert into maintenance (duration, admin_id, node_id) values (83, 39, 319);
insert into maintenance (duration, admin_id, node_id) values (243, 44, 240);
insert into maintenance (duration, admin_id, node_id) values (152, 46, 406);
insert into maintenance (duration, admin_id, node_id) values (8, 4, 135);
insert into maintenance (duration, admin_id, node_id) values (18, 53, 372);
insert into maintenance (duration, admin_id, node_id) values (193, 57, 247);
insert into maintenance (duration, admin_id, node_id) values (196, 58, 484);
insert into maintenance (duration, admin_id, node_id) values (329, 59, 410);
insert into maintenance (duration, admin_id, node_id) values (19, 82, 361);
insert into maintenance (duration, admin_id, node_id) values (247, 37, 52);
insert into maintenance (duration, admin_id, node_id) values (45, 93, 22);
insert into maintenance (duration, admin_id, node_id) values (16, 95, 59);
insert into maintenance (duration, admin_id, node_id) values (300, 70, 208);
insert into maintenance (duration, admin_id, node_id) values (230, 23, 119);
insert into maintenance (duration, admin_id, node_id) values (58, 49, 276);
insert into maintenance (duration, admin_id, node_id) values (287, 89, 473);
insert into maintenance (duration, admin_id, node_id) values (81, 93, 203);
insert into maintenance (duration, admin_id, node_id) values (254, 23, 104);
insert into maintenance (duration, admin_id, node_id) values (309, 96, 334);
insert into maintenance (duration, admin_id, node_id) values (306, 27, 509);
insert into maintenance (duration, admin_id, node_id) values (40, 90, 415);
insert into maintenance (duration, admin_id, node_id) values (91, 83, 437);
insert into maintenance (duration, admin_id, node_id) values (249, 38, 488);
insert into maintenance (duration, admin_id, node_id) values (227, 51, 550);
insert into maintenance (duration, admin_id, node_id) values (299, 3, 385);
insert into maintenance (duration, admin_id, node_id) values (101, 45, 61);
insert into maintenance (duration, admin_id, node_id) values (306, 95, 92);
insert into maintenance (duration, admin_id, node_id) values (333, 8, 521);
insert into maintenance (duration, admin_id, node_id) values (105, 69, 326);
insert into maintenance (duration, admin_id, node_id) values (211, 1, 377);
insert into maintenance (duration, admin_id, node_id) values (6, 96, 4);
insert into maintenance (duration, admin_id, node_id) values (202, 62, 369);
insert into maintenance (duration, admin_id, node_id) values (38, 76, 216);
insert into maintenance (duration, admin_id, node_id) values (150, 4, 131);
insert into maintenance (duration, admin_id, node_id) values (243, 42, 285);
insert into maintenance (duration, admin_id, node_id) values (338, 14, 500);
insert into maintenance (duration, admin_id, node_id) values (36, 58, 494);
insert into maintenance (duration, admin_id, node_id) values (237, 71, 316);
insert into maintenance (duration, admin_id, node_id) values (76, 10, 410);
insert into maintenance (duration, admin_id, node_id) values (267, 24, 462);
insert into maintenance (duration, admin_id, node_id) values (70, 8, 102);
insert into maintenance (duration, admin_id, node_id) values (54, 52, 549);
insert into maintenance (duration, admin_id, node_id) values (340, 19, 270);
insert into maintenance (duration, admin_id, node_id) values (131, 69, 520);
insert into maintenance (duration, admin_id, node_id) values (264, 6, 34);
insert into maintenance (duration, admin_id, node_id) values (164, 38, 495);
insert into maintenance (duration, admin_id, node_id) values (5, 8, 177);
insert into maintenance (duration, admin_id, node_id) values (235, 77, 351);
insert into maintenance (duration, admin_id, node_id) values (127, 36, 471);
insert into maintenance (duration, admin_id, node_id) values (117, 3, 270);
insert into maintenance (duration, admin_id, node_id) values (318, 26, 510);
insert into maintenance (duration, admin_id, node_id) values (185, 60, 78);
insert into maintenance (duration, admin_id, node_id) values (317, 45, 172);
insert into maintenance (duration, admin_id, node_id) values (179, 80, 39);
insert into maintenance (duration, admin_id, node_id) values (32, 80, 304);
insert into maintenance (duration, admin_id, node_id) values (307, 45, 439);
insert into maintenance (duration, admin_id, node_id) values (241, 42, 332);
insert into maintenance (duration, admin_id, node_id) values (145, 87, 181);
insert into maintenance (duration, admin_id, node_id) values (43, 68, 334);
insert into maintenance (duration, admin_id, node_id) values (168, 50, 355);
insert into maintenance (duration, admin_id, node_id) values (21, 79, 98);
insert into maintenance (duration, admin_id, node_id) values (219, 93, 385);
insert into maintenance (duration, admin_id, node_id) values (215, 99, 36);
insert into maintenance (duration, admin_id, node_id) values (313, 52, 421);
insert into maintenance (duration, admin_id, node_id) values (199, 87, 383);
insert into maintenance (duration, admin_id, node_id) values (205, 85, 265);
insert into maintenance (duration, admin_id, node_id) values (140, 97, 341);
insert into maintenance (duration, admin_id, node_id) values (192, 12, 470);
insert into maintenance (duration, admin_id, node_id) values (294, 56, 10);
insert into maintenance (duration, admin_id, node_id) values (99, 98, 146);
insert into maintenance (duration, admin_id, node_id) values (5, 59, 205);
insert into maintenance (duration, admin_id, node_id) values (271, 47, 517);
insert into maintenance (duration, admin_id, node_id) values (43, 68, 69);
insert into maintenance (duration, admin_id, node_id) values (271, 36, 47);
insert into maintenance (duration, admin_id, node_id) values (31, 19, 134);
insert into maintenance (duration, admin_id, node_id) values (345, 59, 42);
insert into maintenance (duration, admin_id, node_id) values (149, 13, 479);
insert into maintenance (duration, admin_id, node_id) values (248, 51, 159);
insert into maintenance (duration, admin_id, node_id) values (3, 40, 339);
insert into maintenance (duration, admin_id, node_id) values (91, 95, 62);
insert into maintenance (duration, admin_id, node_id) values (47, 88, 309);
insert into maintenance (duration, admin_id, node_id) values (215, 13, 456);
insert into maintenance (duration, admin_id, node_id) values (228, 81, 29);
insert into maintenance (duration, admin_id, node_id) values (282, 18, 256);
insert into maintenance (duration, admin_id, node_id) values (335, 47, 108);
insert into maintenance (duration, admin_id, node_id) values (46, 76, 189);
insert into maintenance (duration, admin_id, node_id) values (54, 25, 8);
insert into maintenance (duration, admin_id, node_id) values (294, 47, 424);
insert into maintenance (duration, admin_id, node_id) values (140, 29, 257);
insert into maintenance (duration, admin_id, node_id) values (332, 26, 260);
insert into maintenance (duration, admin_id, node_id) values (18, 3, 291);
insert into maintenance (duration, admin_id, node_id) values (17, 24, 110);
insert into maintenance (duration, admin_id, node_id) values (196, 76, 62);
insert into maintenance (duration, admin_id, node_id) values (275, 78, 281);
insert into maintenance (duration, admin_id, node_id) values (79, 55, 451);
insert into maintenance (duration, admin_id, node_id) values (209, 84, 469);
insert into maintenance (duration, admin_id, node_id) values (272, 11, 410);
insert into maintenance (duration, admin_id, node_id) values (129, 88, 525);
insert into maintenance (duration, admin_id, node_id) values (257, 25, 252);
insert into maintenance (duration, admin_id, node_id) values (157, 48, 184);
insert into maintenance (duration, admin_id, node_id) values (25, 7, 284);
insert into maintenance (duration, admin_id, node_id) values (89, 46, 459);
insert into maintenance (duration, admin_id, node_id) values (206, 78, 14);
insert into maintenance (duration, admin_id, node_id) values (74, 84, 98);
insert into maintenance (duration, admin_id, node_id) values (108, 13, 95);
insert into maintenance (duration, admin_id, node_id) values (127, 72, 533);
insert into maintenance (duration, admin_id, node_id) values (5, 86, 498);
insert into maintenance (duration, admin_id, node_id) values (228, 54, 387);
insert into maintenance (duration, admin_id, node_id) values (19, 50, 519);
insert into maintenance (duration, admin_id, node_id) values (66, 58, 422);
insert into maintenance (duration, admin_id, node_id) values (234, 83, 490);
insert into maintenance (duration, admin_id, node_id) values (116, 36, 104);
insert into maintenance (duration, admin_id, node_id) values (154, 46, 253);
insert into maintenance (duration, admin_id, node_id) values (214, 5, 456);
insert into maintenance (duration, admin_id, node_id) values (179, 99, 540);
insert into maintenance (duration, admin_id, node_id) values (169, 3, 31);
insert into maintenance (duration, admin_id, node_id) values (106, 98, 314);
insert into maintenance (duration, admin_id, node_id) values (221, 46, 290);
insert into maintenance (duration, admin_id, node_id) values (159, 21, 321);
insert into maintenance (duration, admin_id, node_id) values (168, 4, 546);
insert into maintenance (duration, admin_id, node_id) values (289, 83, 509);
insert into maintenance (duration, admin_id, node_id) values (106, 48, 10);
insert into maintenance (duration, admin_id, node_id) values (198, 59, 284);
insert into maintenance (duration, admin_id, node_id) values (215, 42, 124);
insert into maintenance (duration, admin_id, node_id) values (334, 66, 335);
insert into maintenance (duration, admin_id, node_id) values (158, 9, 124);
insert into maintenance (duration, admin_id, node_id) values (178, 6, 399);
insert into maintenance (duration, admin_id, node_id) values (130, 69, 372);
insert into maintenance (duration, admin_id, node_id) values (318, 59, 187);
insert into maintenance (duration, admin_id, node_id) values (176, 43, 300);
insert into maintenance (duration, admin_id, node_id) values (109, 17, 38);
insert into maintenance (duration, admin_id, node_id) values (196, 95, 202);
insert into maintenance (duration, admin_id, node_id) values (73, 40, 373);
insert into maintenance (duration, admin_id, node_id) values (77, 51, 54);
insert into maintenance (duration, admin_id, node_id) values (332, 27, 301);
insert into maintenance (duration, admin_id, node_id) values (277, 18, 387);
insert into maintenance (duration, admin_id, node_id) values (324, 37, 357);
insert into maintenance (duration, admin_id, node_id) values (184, 61, 176);
insert into maintenance (duration, admin_id, node_id) values (76, 70, 154);
insert into maintenance (duration, admin_id, node_id) values (127, 35, 221);
insert into maintenance (duration, admin_id, node_id) values (15, 58, 137);
insert into maintenance (duration, admin_id, node_id) values (76, 16, 268);
insert into maintenance (duration, admin_id, node_id) values (19, 51, 432);
insert into maintenance (duration, admin_id, node_id) values (71, 33, 217);
insert into maintenance (duration, admin_id, node_id) values (12, 70, 296);
insert into maintenance (duration, admin_id, node_id) values (64, 52, 56);
insert into maintenance (duration, admin_id, node_id) values (185, 19, 407);
insert into maintenance (duration, admin_id, node_id) values (203, 91, 444);
insert into maintenance (duration, admin_id, node_id) values (198, 62, 525);
insert into maintenance (duration, admin_id, node_id) values (96, 69, 289);
insert into maintenance (duration, admin_id, node_id) values (214, 77, 429);
insert into maintenance (duration, admin_id, node_id) values (74, 63, 250);
insert into maintenance (duration, admin_id, node_id) values (198, 30, 282);
insert into maintenance (duration, admin_id, node_id) values (174, 43, 454);
insert into maintenance (duration, admin_id, node_id) values (124, 67, 25);
insert into maintenance (duration, admin_id, node_id) values (194, 26, 194);
insert into maintenance (duration, admin_id, node_id) values (33, 18, 102);
insert into maintenance (duration, admin_id, node_id) values (115, 45, 516);
insert into maintenance (duration, admin_id, node_id) values (331, 44, 426);
insert into maintenance (duration, admin_id, node_id) values (12, 18, 135);
insert into maintenance (duration, admin_id, node_id) values (272, 79, 360);
insert into maintenance (duration, admin_id, node_id) values (35, 5, 166);
insert into maintenance (duration, admin_id, node_id) values (309, 9, 246);
insert into maintenance (duration, admin_id, node_id) values (253, 19, 231);
insert into maintenance (duration, admin_id, node_id) values (31, 94, 365);
insert into maintenance (duration, admin_id, node_id) values (218, 90, 273);
insert into maintenance (duration, admin_id, node_id) values (50, 65, 17);
insert into maintenance (duration, admin_id, node_id) values (20, 33, 98);
insert into maintenance (duration, admin_id, node_id) values (159, 94, 528);
insert into maintenance (duration, admin_id, node_id) values (330, 68, 379);
insert into maintenance (duration, admin_id, node_id) values (346, 91, 184);
insert into maintenance (duration, admin_id, node_id) values (260, 8, 61);
insert into maintenance (duration, admin_id, node_id) values (83, 6, 460);
insert into maintenance (duration, admin_id, node_id) values (91, 18, 358);
insert into maintenance (duration, admin_id, node_id) values (277, 23, 282);
insert into maintenance (duration, admin_id, node_id) values (116, 77, 344);
insert into maintenance (duration, admin_id, node_id) values (16, 12, 232);
insert into maintenance (duration, admin_id, node_id) values (239, 83, 270);
insert into maintenance (duration, admin_id, node_id) values (274, 23, 274);
insert into maintenance (duration, admin_id, node_id) values (41, 52, 227);
insert into maintenance (duration, admin_id, node_id) values (239, 29, 285);
insert into maintenance (duration, admin_id, node_id) values (311, 39, 111);
insert into maintenance (duration, admin_id, node_id) values (115, 70, 169);
insert into maintenance (duration, admin_id, node_id) values (150, 94, 455);
insert into maintenance (duration, admin_id, node_id) values (120, 65, 95);
insert into maintenance (duration, admin_id, node_id) values (112, 92, 207);
insert into maintenance (duration, admin_id, node_id) values (255, 86, 40);
insert into maintenance (duration, admin_id, node_id) values (179, 33, 161);
insert into maintenance (duration, admin_id, node_id) values (343, 26, 231);
insert into maintenance (duration, admin_id, node_id) values (146, 47, 128);
insert into maintenance (duration, admin_id, node_id) values (146, 75, 214);
insert into maintenance (duration, admin_id, node_id) values (97, 36, 274);
insert into maintenance (duration, admin_id, node_id) values (76, 84, 521);
insert into maintenance (duration, admin_id, node_id) values (311, 7, 135);
insert into maintenance (duration, admin_id, node_id) values (4, 73, 177);
insert into maintenance (duration, admin_id, node_id) values (328, 15, 53);
insert into maintenance (duration, admin_id, node_id) values (197, 69, 500);
insert into maintenance (duration, admin_id, node_id) values (196, 96, 59);
insert into maintenance (duration, admin_id, node_id) values (297, 80, 251);
insert into maintenance (duration, admin_id, node_id) values (1, 40, 370);
insert into maintenance (duration, admin_id, node_id) values (169, 69, 249);
insert into maintenance (duration, admin_id, node_id) values (183, 99, 12);
insert into maintenance (duration, admin_id, node_id) values (209, 76, 525);
insert into maintenance (duration, admin_id, node_id) values (338, 31, 396);
insert into maintenance (duration, admin_id, node_id) values (184, 13, 506);
insert into maintenance (duration, admin_id, node_id) values (145, 96, 367);
insert into maintenance (duration, admin_id, node_id) values (151, 66, 413);
insert into maintenance (duration, admin_id, node_id) values (24, 3, 31);
insert into maintenance (duration, admin_id, node_id) values (237, 70, 476);
insert into maintenance (duration, admin_id, node_id) values (342, 67, 214);
insert into maintenance (duration, admin_id, node_id) values (168, 60, 321);
insert into maintenance (duration, admin_id, node_id) values (51, 31, 41);
insert into maintenance (duration, admin_id, node_id) values (24, 10, 429);
insert into maintenance (duration, admin_id, node_id) values (286, 67, 122);
insert into maintenance (duration, admin_id, node_id) values (209, 43, 250);
insert into maintenance (duration, admin_id, node_id) values (335, 23, 353);
insert into maintenance (duration, admin_id, node_id) values (285, 94, 164);
insert into maintenance (duration, admin_id, node_id) values (128, 79, 493);
insert into maintenance (duration, admin_id, node_id) values (4, 28, 200);
insert into maintenance (duration, admin_id, node_id) values (266, 93, 355);
insert into maintenance (duration, admin_id, node_id) values (148, 89, 160);
insert into maintenance (duration, admin_id, node_id) values (157, 10, 60);
insert into maintenance (duration, admin_id, node_id) values (117, 58, 52);
insert into maintenance (duration, admin_id, node_id) values (14, 76, 82);
insert into maintenance (duration, admin_id, node_id) values (239, 69, 140);
insert into maintenance (duration, admin_id, node_id) values (242, 56, 227);
insert into maintenance (duration, admin_id, node_id) values (156, 42, 351);
insert into maintenance (duration, admin_id, node_id) values (189, 5, 327);
insert into maintenance (duration, admin_id, node_id) values (324, 77, 365);
insert into maintenance (duration, admin_id, node_id) values (155, 34, 205);
insert into maintenance (duration, admin_id, node_id) values (226, 83, 485);
insert into maintenance (duration, admin_id, node_id) values (305, 29, 29);
insert into maintenance (duration, admin_id, node_id) values (198, 97, 224);
insert into maintenance (duration, admin_id, node_id) values (43, 76, 94);
insert into maintenance (duration, admin_id, node_id) values (80, 49, 326);
insert into maintenance (duration, admin_id, node_id) values (178, 45, 32);
insert into maintenance (duration, admin_id, node_id) values (70, 24, 495);
insert into maintenance (duration, admin_id, node_id) values (38, 18, 161);
insert into maintenance (duration, admin_id, node_id) values (88, 26, 134);
insert into maintenance (duration, admin_id, node_id) values (284, 51, 182);
insert into maintenance (duration, admin_id, node_id) values (276, 45, 28);
insert into maintenance (duration, admin_id, node_id) values (30, 19, 85);
insert into maintenance (duration, admin_id, node_id) values (183, 68, 467);
insert into maintenance (duration, admin_id, node_id) values (56, 41, 445);
insert into maintenance (duration, admin_id, node_id) values (176, 96, 265);
insert into maintenance (duration, admin_id, node_id) values (91, 86, 451);
insert into maintenance (duration, admin_id, node_id) values (24, 9, 418);
insert into maintenance (duration, admin_id, node_id) values (18, 49, 421);
insert into maintenance (duration, admin_id, node_id) values (328, 91, 126);
insert into maintenance (duration, admin_id, node_id) values (215, 92, 323);
insert into maintenance (duration, admin_id, node_id) values (40, 69, 226);
insert into maintenance (duration, admin_id, node_id) values (225, 49, 114);
insert into maintenance (duration, admin_id, node_id) values (257, 28, 54);
insert into maintenance (duration, admin_id, node_id) values (48, 7, 510);
insert into maintenance (duration, admin_id, node_id) values (163, 15, 300);
insert into maintenance (duration, admin_id, node_id) values (242, 55, 112);
insert into maintenance (duration, admin_id, node_id) values (131, 79, 300);
insert into maintenance (duration, admin_id, node_id) values (180, 13, 252);
insert into maintenance (duration, admin_id, node_id) values (145, 83, 335);
insert into maintenance (duration, admin_id, node_id) values (55, 15, 354);
insert into maintenance (duration, admin_id, node_id) values (203, 61, 66);
insert into maintenance (duration, admin_id, node_id) values (53, 61, 91);
insert into maintenance (duration, admin_id, node_id) values (292, 29, 352);
insert into maintenance (duration, admin_id, node_id) values (35, 68, 322);
insert into maintenance (duration, admin_id, node_id) values (340, 6, 161);
insert into maintenance (duration, admin_id, node_id) values (177, 95, 432);
insert into maintenance (duration, admin_id, node_id) values (36, 11, 280);
insert into maintenance (duration, admin_id, node_id) values (249, 18, 109);
insert into maintenance (duration, admin_id, node_id) values (31, 28, 74);
insert into maintenance (duration, admin_id, node_id) values (120, 58, 18);
insert into maintenance (duration, admin_id, node_id) values (274, 55, 218);
insert into maintenance (duration, admin_id, node_id) values (246, 85, 454);
insert into maintenance (duration, admin_id, node_id) values (83, 52, 497);
insert into maintenance (duration, admin_id, node_id) values (331, 61, 2);
insert into maintenance (duration, admin_id, node_id) values (20, 49, 481);
insert into maintenance (duration, admin_id, node_id) values (78, 46, 175);
insert into maintenance (duration, admin_id, node_id) values (285, 34, 370);
insert into maintenance (duration, admin_id, node_id) values (201, 94, 126);
insert into maintenance (duration, admin_id, node_id) values (124, 91, 339);
insert into maintenance (duration, admin_id, node_id) values (211, 52, 139);
insert into maintenance (duration, admin_id, node_id) values (56, 25, 474);
insert into maintenance (duration, admin_id, node_id) values (161, 23, 270);
insert into maintenance (duration, admin_id, node_id) values (54, 67, 118);
insert into maintenance (duration, admin_id, node_id) values (247, 66, 475);
insert into maintenance (duration, admin_id, node_id) values (133, 64, 433);
insert into maintenance (duration, admin_id, node_id) values (291, 14, 516);
insert into maintenance (duration, admin_id, node_id) values (208, 98, 323);
insert into maintenance (duration, admin_id, node_id) values (135, 33, 389);
insert into maintenance (duration, admin_id, node_id) values (192, 83, 217);
insert into maintenance (duration, admin_id, node_id) values (164, 63, 3);
insert into maintenance (duration, admin_id, node_id) values (284, 8, 368);
insert into maintenance (duration, admin_id, node_id) values (211, 78, 457);
insert into maintenance (duration, admin_id, node_id) values (188, 3, 211);
insert into maintenance (duration, admin_id, node_id) values (285, 31, 156);
insert into maintenance (duration, admin_id, node_id) values (235, 74, 429);
insert into maintenance (duration, admin_id, node_id) values (178, 12, 488);
insert into maintenance (duration, admin_id, node_id) values (107, 45, 538);
insert into maintenance (duration, admin_id, node_id) values (90, 42, 4);
insert into maintenance (duration, admin_id, node_id) values (95, 6, 35);
insert into maintenance (duration, admin_id, node_id) values (275, 26, 227);
insert into maintenance (duration, admin_id, node_id) values (37, 14, 124);
insert into maintenance (duration, admin_id, node_id) values (134, 16, 111);
insert into maintenance (duration, admin_id, node_id) values (166, 50, 425);
insert into maintenance (duration, admin_id, node_id) values (298, 86, 150);
insert into maintenance (duration, admin_id, node_id) values (192, 86, 19);
insert into maintenance (duration, admin_id, node_id) values (188, 83, 428);
insert into maintenance (duration, admin_id, node_id) values (293, 78, 401);
insert into maintenance (duration, admin_id, node_id) values (334, 86, 263);
insert into maintenance (duration, admin_id, node_id) values (261, 33, 380);
insert into maintenance (duration, admin_id, node_id) values (238, 60, 398);
insert into maintenance (duration, admin_id, node_id) values (252, 18, 482);
insert into maintenance (duration, admin_id, node_id) values (120, 49, 429);
insert into maintenance (duration, admin_id, node_id) values (55, 76, 210);
insert into maintenance (duration, admin_id, node_id) values (323, 89, 377);
insert into maintenance (duration, admin_id, node_id) values (114, 90, 161);
insert into maintenance (duration, admin_id, node_id) values (307, 4, 408);
insert into maintenance (duration, admin_id, node_id) values (175, 34, 382);
insert into maintenance (duration, admin_id, node_id) values (277, 71, 401);
insert into maintenance (duration, admin_id, node_id) values (31, 58, 332);
insert into maintenance (duration, admin_id, node_id) values (200, 4, 467);
insert into maintenance (duration, admin_id, node_id) values (136, 42, 404);
insert into maintenance (duration, admin_id, node_id) values (16, 50, 498);
insert into maintenance (duration, admin_id, node_id) values (107, 25, 370);
insert into maintenance (duration, admin_id, node_id) values (31, 53, 393);
insert into maintenance (duration, admin_id, node_id) values (78, 49, 336);
insert into maintenance (duration, admin_id, node_id) values (54, 45, 172);
insert into maintenance (duration, admin_id, node_id) values (265, 10, 533);
insert into maintenance (duration, admin_id, node_id) values (235, 12, 77);
insert into maintenance (duration, admin_id, node_id) values (47, 57, 138);
insert into maintenance (duration, admin_id, node_id) values (91, 49, 188);
insert into maintenance (duration, admin_id, node_id) values (140, 71, 122);
insert into maintenance (duration, admin_id, node_id) values (197, 21, 269);
insert into maintenance (duration, admin_id, node_id) values (129, 80, 24);
insert into maintenance (duration, admin_id, node_id) values (293, 4, 388);
insert into maintenance (duration, admin_id, node_id) values (32, 25, 341);
insert into maintenance (duration, admin_id, node_id) values (34, 88, 320);
insert into maintenance (duration, admin_id, node_id) values (248, 14, 38);
insert into maintenance (duration, admin_id, node_id) values (130, 66, 242);
insert into maintenance (duration, admin_id, node_id) values (222, 64, 326);
insert into maintenance (duration, admin_id, node_id) values (274, 53, 127);
insert into maintenance (duration, admin_id, node_id) values (180, 95, 209);
insert into maintenance (duration, admin_id, node_id) values (137, 25, 156);
insert into maintenance (duration, admin_id, node_id) values (5, 42, 236);
insert into maintenance (duration, admin_id, node_id) values (19, 18, 411);
insert into maintenance (duration, admin_id, node_id) values (133, 16, 182);
insert into maintenance (duration, admin_id, node_id) values ( 339, 19, 475);

insert into network (company_name, id) values ('Tagpad', 1);
insert into network (company_name, id) values ('Browsedrive', 2);
insert into network (company_name, id) values ('Lajo', 3);
insert into network (company_name, id) values ('Linkbridge', 4);
insert into network (company_name, id) values ('Yakidoo', 5);
insert into network (company_name, id) values ('Divape', 6);
insert into network (company_name, id) values ('Gigabox', 7);
insert into network (company_name, id) values ('Thoughtsphere', 8);
insert into network (company_name, id) values ('Meevee', 9);
insert into network (company_name, id) values ('Oodoo', 10);
insert into network (company_name, id) values ('Kwilith', 11);
insert into network (company_name, id) values ('Jaxworks', 12);
insert into network (company_name, id) values ('Trilia', 13);
insert into network (company_name, id) values ('Edgewire', 14);
insert into network (company_name, id) values ('Thoughtmix', 15);
insert into network (company_name, id) values ('Wikizz', 16);
insert into network (company_name, id) values ('Tekfly', 17);
insert into network (company_name, id) values ('Teklist', 18);
insert into network (company_name, id) values ('Skilith', 19);
insert into network (company_name, id) values ('Quire', 20);
insert into network (company_name, id) values ('Kazio', 21);
insert into network (company_name, id) values ('Thoughtsphere', 22);
insert into network (company_name, id) values ('Feednation', 23);
insert into network (company_name, id) values ('Zoombeat', 24);
insert into network (company_name, id) values ('Edgetag', 25);
insert into network (company_name, id) values ('Dabvine', 26);
insert into network (company_name, id) values ('Agivu', 27);
insert into network (company_name, id) values ('Devify', 28);
insert into network (company_name, id) values ('Avamba', 29);
insert into network (company_name, id) values ('Bubblemix', 30);
insert into network (company_name, id) values ('Meeveo', 31);
insert into network (company_name, id) values ('Innojam', 32);
insert into network (company_name, id) values ('Reallinks', 33);
insert into network (company_name, id) values ('Minyx', 34);
insert into network (company_name, id) values ('Browsetype', 35);
insert into network (company_name, id) values ('Photobug', 36);
insert into network (company_name, id) values ('Photobean', 37);
insert into network (company_name, id) values ('Twitternation', 38);
insert into network (company_name, id) values ('Wordware', 39);
insert into network (company_name, id) values ('Oozz', 40);
insert into network (company_name, id) values ('Linkbuzz', 41);
insert into network (company_name, id) values ('Photolist', 42);
insert into network (company_name, id) values ('Einti', 43);
insert into network (company_name, id) values ('Zoonder', 44);
insert into network (company_name, id) values ('Jaloo', 45);
insert into network (company_name, id) values ('Zoovu', 46);
insert into network (company_name, id) values ('Miboo', 47);
insert into network (company_name, id) values ('Eidel', 48);
insert into network (company_name, id) values ('Meetz', 49);
insert into network (company_name, id) values ('Roomm', 50);

insert into node (id, status, network_id) values (1, true, 42);
insert into node (id, status, network_id) values (2, false, 40);
insert into node (id, status, network_id) values (3, false, 39);
insert into node (id, status, network_id) values (4, false, 22);
insert into node (id, status, network_id) values (5, true, 19);
insert into node (id, status, network_id) values (6, false, 26);
insert into node (id, status, network_id) values (7, true, 35);
insert into node (id, status, network_id) values (8, false, 32);
insert into node (id, status, network_id) values (9, true, 5);
insert into node (id, status, network_id) values (10, false, 29);
insert into node (id, status, network_id) values (11, false, 6);
insert into node (id, status, network_id) values (12, false, 12);
insert into node (id, status, network_id) values (13, false, 47);
insert into node (id, status, network_id) values (14, true, 18);
insert into node (id, status, network_id) values (15, true, 20);
insert into node (id, status, network_id) values (16, false, 18);
insert into node (id, status, network_id) values (17, false, 32);
insert into node (id, status, network_id) values (18, false, 9);
insert into node (id, status, network_id) values (19, true, 36);
insert into node (id, status, network_id) values (20, false, 24);
insert into node (id, status, network_id) values (21, false, 48);
insert into node (id, status, network_id) values (22, true, 2);
insert into node (id, status, network_id) values (23, true, 17);
insert into node (id, status, network_id) values (24, true, 28);
insert into node (id, status, network_id) values (25, false, 3);
insert into node (id, status, network_id) values (26, false, 17);
insert into node (id, status, network_id) values (27, true, 40);
insert into node (id, status, network_id) values (28, true, 2);
insert into node (id, status, network_id) values (29, false, 35);
insert into node (id, status, network_id) values (30, false, 44);
insert into node (id, status, network_id) values (31, false, 38);
insert into node (id, status, network_id) values (32, false, 23);
insert into node (id, status, network_id) values (33, true, 11);
insert into node (id, status, network_id) values (34, true, 21);
insert into node (id, status, network_id) values (35, false, 43);
insert into node (id, status, network_id) values (36, false, 16);
insert into node (id, status, network_id) values (37, true, 31);
insert into node (id, status, network_id) values (38, false, 14);
insert into node (id, status, network_id) values (39, false, 27);
insert into node (id, status, network_id) values (40, true, 36);
insert into node (id, status, network_id) values (41, true, 33);
insert into node (id, status, network_id) values (42, false, 41);
insert into node (id, status, network_id) values (43, true, 36);
insert into node (id, status, network_id) values (44, true, 36);
insert into node (id, status, network_id) values (45, true, 22);
insert into node (id, status, network_id) values (46, false, 50);
insert into node (id, status, network_id) values (47, true, 10);
insert into node (id, status, network_id) values (48, true, 39);
insert into node (id, status, network_id) values (49, false, 24);
insert into node (id, status, network_id) values (50, false, 16);
insert into node (id, status, network_id) values (51, false, 17);
insert into node (id, status, network_id) values (52, true, 41);
insert into node (id, status, network_id) values (53, false, 36);
insert into node (id, status, network_id) values (54, false, 20);
insert into node (id, status, network_id) values (55, true, 15);
insert into node (id, status, network_id) values (56, false, 25);
insert into node (id, status, network_id) values (57, true, 22);
insert into node (id, status, network_id) values (58, true, 49);
insert into node (id, status, network_id) values (59, true, 22);
insert into node (id, status, network_id) values (60, true, 10);
insert into node (id, status, network_id) values (61, true, 4);
insert into node (id, status, network_id) values (62, false, 50);
insert into node (id, status, network_id) values (63, false, 43);
insert into node (id, status, network_id) values (64, true, 47);
insert into node (id, status, network_id) values (65, true, 47);
insert into node (id, status, network_id) values (66, false, 3);
insert into node (id, status, network_id) values (67, true, 3);
insert into node (id, status, network_id) values (68, true, 7);
insert into node (id, status, network_id) values (69, true, 16);
insert into node (id, status, network_id) values (70, true, 1);
insert into node (id, status, network_id) values (71, false, 24);
insert into node (id, status, network_id) values (72, false, 35);
insert into node (id, status, network_id) values (73, false, 1);
insert into node (id, status, network_id) values (74, false, 18);
insert into node (id, status, network_id) values (75, false, 47);
insert into node (id, status, network_id) values (76, false, 13);
insert into node (id, status, network_id) values (77, true, 45);
insert into node (id, status, network_id) values (78, true, 34);
insert into node (id, status, network_id) values (79, false, 49);
insert into node (id, status, network_id) values (80, false, 18);
insert into node (id, status, network_id) values (81, true, 5);
insert into node (id, status, network_id) values (82, false, 8);
insert into node (id, status, network_id) values (83, false, 32);
insert into node (id, status, network_id) values (84, true, 32);
insert into node (id, status, network_id) values (85, true, 31);
insert into node (id, status, network_id) values (86, true, 48);
insert into node (id, status, network_id) values (87, true, 34);
insert into node (id, status, network_id) values (88, true, 48);
insert into node (id, status, network_id) values (89, false, 29);
insert into node (id, status, network_id) values (90, false, 34);
insert into node (id, status, network_id) values (91, true, 29);
insert into node (id, status, network_id) values (92, true, 2);
insert into node (id, status, network_id) values (93, false, 36);
insert into node (id, status, network_id) values (94, true, 5);
insert into node (id, status, network_id) values (95, true, 33);
insert into node (id, status, network_id) values (96, true, 34);
insert into node (id, status, network_id) values (97, true, 31);
insert into node (id, status, network_id) values (98, false, 31);
insert into node (id, status, network_id) values (99, false, 18);
insert into node (id, status, network_id) values (100, true, 33);
insert into node (id, status, network_id) values (101, true, 1);
insert into node (id, status, network_id) values (102, false, 18);
insert into node (id, status, network_id) values (103, true, 32);
insert into node (id, status, network_id) values (104, false, 8);
insert into node (id, status, network_id) values (105, false, 14);
insert into node (id, status, network_id) values (106, true, 35);
insert into node (id, status, network_id) values (107, true, 43);
insert into node (id, status, network_id) values (108, true, 39);
insert into node (id, status, network_id) values (109, true, 21);
insert into node (id, status, network_id) values (110, false, 12);
insert into node (id, status, network_id) values (111, false, 8);
insert into node (id, status, network_id) values (112, false, 6);
insert into node (id, status, network_id) values (113, true, 36);
insert into node (id, status, network_id) values (114, true, 48);
insert into node (id, status, network_id) values (115, true, 37);
insert into node (id, status, network_id) values (116, true, 21);
insert into node (id, status, network_id) values (117, false, 48);
insert into node (id, status, network_id) values (118, true, 7);
insert into node (id, status, network_id) values (119, false, 8);
insert into node (id, status, network_id) values (120, true, 33);
insert into node (id, status, network_id) values (121, true, 44);
insert into node (id, status, network_id) values (122, true, 30);
insert into node (id, status, network_id) values (123, true, 38);
insert into node (id, status, network_id) values (124, false, 13);
insert into node (id, status, network_id) values (125, true, 17);
insert into node (id, status, network_id) values (126, true, 50);
insert into node (id, status, network_id) values (127, false, 43);
insert into node (id, status, network_id) values (128, true, 12);
insert into node (id, status, network_id) values (129, true, 8);
insert into node (id, status, network_id) values (130, false, 19);
insert into node (id, status, network_id) values (131, false, 36);
insert into node (id, status, network_id) values (132, true, 4);
insert into node (id, status, network_id) values (133, true, 25);
insert into node (id, status, network_id) values (134, false, 30);
insert into node (id, status, network_id) values (135, false, 14);
insert into node (id, status, network_id) values (136, true, 37);
insert into node (id, status, network_id) values (137, false, 20);
insert into node (id, status, network_id) values (138, false, 41);
insert into node (id, status, network_id) values (139, true, 49);
insert into node (id, status, network_id) values (140, true, 26);
insert into node (id, status, network_id) values (141, false, 5);
insert into node (id, status, network_id) values (142, false, 35);
insert into node (id, status, network_id) values (143, false, 38);
insert into node (id, status, network_id) values (144, true, 39);
insert into node (id, status, network_id) values (145, false, 33);
insert into node (id, status, network_id) values (146, false, 48);
insert into node (id, status, network_id) values (147, true, 8);
insert into node (id, status, network_id) values (148, true, 17);
insert into node (id, status, network_id) values (149, true, 49);
insert into node (id, status, network_id) values (150, true, 20);
insert into node (id, status, network_id) values (151, false, 50);
insert into node (id, status, network_id) values (152, true, 7);
insert into node (id, status, network_id) values (153, true, 31);
insert into node (id, status, network_id) values (154, true, 26);
insert into node (id, status, network_id) values (155, false, 42);
insert into node (id, status, network_id) values (156, true, 23);
insert into node (id, status, network_id) values (157, false, 36);
insert into node (id, status, network_id) values (158, false, 32);
insert into node (id, status, network_id) values (159, true, 20);
insert into node (id, status, network_id) values (160, true, 48);
insert into node (id, status, network_id) values (161, false, 11);
insert into node (id, status, network_id) values (162, false, 39);
insert into node (id, status, network_id) values (163, false, 31);
insert into node (id, status, network_id) values (164, false, 3);
insert into node (id, status, network_id) values (165, true, 27);
insert into node (id, status, network_id) values (166, false, 47);
insert into node (id, status, network_id) values (167, true, 32);
insert into node (id, status, network_id) values (168, false, 34);
insert into node (id, status, network_id) values (169, false, 11);
insert into node (id, status, network_id) values (170, true, 37);
insert into node (id, status, network_id) values (171, false, 25);
insert into node (id, status, network_id) values (172, false, 35);
insert into node (id, status, network_id) values (173, false, 28);
insert into node (id, status, network_id) values (174, false, 36);
insert into node (id, status, network_id) values (175, false, 23);
insert into node (id, status, network_id) values (176, false, 42);
insert into node (id, status, network_id) values (177, true, 48);
insert into node (id, status, network_id) values (178, true, 32);
insert into node (id, status, network_id) values (179, true, 31);
insert into node (id, status, network_id) values (180, true, 29);
insert into node (id, status, network_id) values (181, false, 39);
insert into node (id, status, network_id) values (182, true, 13);
insert into node (id, status, network_id) values (183, true, 43);
insert into node (id, status, network_id) values (184, false, 19);
insert into node (id, status, network_id) values (185, true, 19);
insert into node (id, status, network_id) values (186, false, 27);
insert into node (id, status, network_id) values (187, true, 8);
insert into node (id, status, network_id) values (188, true, 41);
insert into node (id, status, network_id) values (189, false, 16);
insert into node (id, status, network_id) values (190, true, 39);
insert into node (id, status, network_id) values (191, true, 30);
insert into node (id, status, network_id) values (192, false, 27);
insert into node (id, status, network_id) values (193, true, 49);
insert into node (id, status, network_id) values (194, false, 26);
insert into node (id, status, network_id) values (195, false, 8);
insert into node (id, status, network_id) values (196, false, 20);
insert into node (id, status, network_id) values (197, false, 10);
insert into node (id, status, network_id) values (198, true, 21);
insert into node (id, status, network_id) values (199, false, 22);
insert into node (id, status, network_id) values (200, false, 17);
insert into node (id, status, network_id) values (201, false, 23);
insert into node (id, status, network_id) values (202, false, 28);
insert into node (id, status, network_id) values (203, true, 47);
insert into node (id, status, network_id) values (204, false, 46);
insert into node (id, status, network_id) values (205, true, 20);
insert into node (id, status, network_id) values (206, false, 45);
insert into node (id, status, network_id) values (207, false, 14);
insert into node (id, status, network_id) values (208, false, 38);
insert into node (id, status, network_id) values (209, true, 16);
insert into node (id, status, network_id) values (210, true, 13);
insert into node (id, status, network_id) values (211, false, 39);
insert into node (id, status, network_id) values (212, true, 9);
insert into node (id, status, network_id) values (213, false, 5);
insert into node (id, status, network_id) values (214, false, 35);
insert into node (id, status, network_id) values (215, true, 23);
insert into node (id, status, network_id) values (216, true, 40);
insert into node (id, status, network_id) values (217, true, 3);
insert into node (id, status, network_id) values (218, true, 44);
insert into node (id, status, network_id) values (219, false, 6);
insert into node (id, status, network_id) values (220, false, 46);
insert into node (id, status, network_id) values (221, true, 5);
insert into node (id, status, network_id) values (222, false, 49);
insert into node (id, status, network_id) values (223, false, 19);
insert into node (id, status, network_id) values (224, false, 40);
insert into node (id, status, network_id) values (225, true, 50);
insert into node (id, status, network_id) values (226, false, 25);
insert into node (id, status, network_id) values (227, true, 9);
insert into node (id, status, network_id) values (228, true, 30);
insert into node (id, status, network_id) values (229, true, 34);
insert into node (id, status, network_id) values (230, false, 29);
insert into node (id, status, network_id) values (231, false, 27);
insert into node (id, status, network_id) values (232, false, 6);
insert into node (id, status, network_id) values (233, false, 5);
insert into node (id, status, network_id) values (234, true, 5);
insert into node (id, status, network_id) values (235, true, 8);
insert into node (id, status, network_id) values (236, false, 4);
insert into node (id, status, network_id) values (237, false, 50);
insert into node (id, status, network_id) values (238, true, 16);
insert into node (id, status, network_id) values (239, false, 45);
insert into node (id, status, network_id) values (240, false, 30);
insert into node (id, status, network_id) values (241, true, 19);
insert into node (id, status, network_id) values (242, true, 50);
insert into node (id, status, network_id) values (243, false, 31);
insert into node (id, status, network_id) values (244, true, 8);
insert into node (id, status, network_id) values (245, false, 50);
insert into node (id, status, network_id) values (246, false, 22);
insert into node (id, status, network_id) values (247, false, 37);
insert into node (id, status, network_id) values (248, true, 21);
insert into node (id, status, network_id) values (249, true, 28);
insert into node (id, status, network_id) values (250, false, 1);
insert into node (id, status, network_id) values (251, true, 7);
insert into node (id, status, network_id) values (252, false, 24);
insert into node (id, status, network_id) values (253, false, 23);
insert into node (id, status, network_id) values (254, true, 31);
insert into node (id, status, network_id) values (255, true, 37);
insert into node (id, status, network_id) values (256, true, 24);
insert into node (id, status, network_id) values (257, true, 42);
insert into node (id, status, network_id) values (258, true, 13);
insert into node (id, status, network_id) values (259, false, 33);
insert into node (id, status, network_id) values (260, false, 47);
insert into node (id, status, network_id) values (261, false, 38);
insert into node (id, status, network_id) values (262, true, 4);
insert into node (id, status, network_id) values (263, false, 32);
insert into node (id, status, network_id) values (264, true, 9);
insert into node (id, status, network_id) values (265, true, 1);
insert into node (id, status, network_id) values (266, true, 16);
insert into node (id, status, network_id) values (267, false, 6);
insert into node (id, status, network_id) values (268, false, 36);
insert into node (id, status, network_id) values (269, true, 2);
insert into node (id, status, network_id) values (270, false, 23);
insert into node (id, status, network_id) values (271, true, 8);
insert into node (id, status, network_id) values (272, true, 2);
insert into node (id, status, network_id) values (273, true, 15);
insert into node (id, status, network_id) values (274, false, 36);
insert into node (id, status, network_id) values (275, true, 14);
insert into node (id, status, network_id) values (276, false, 48);
insert into node (id, status, network_id) values (277, false, 28);
insert into node (id, status, network_id) values (278, true, 21);
insert into node (id, status, network_id) values (279, false, 35);
insert into node (id, status, network_id) values (280, true, 1);
insert into node (id, status, network_id) values (281, true, 14);
insert into node (id, status, network_id) values (282, false, 16);
insert into node (id, status, network_id) values (283, true, 27);
insert into node (id, status, network_id) values (284, true, 28);
insert into node (id, status, network_id) values (285, false, 8);
insert into node (id, status, network_id) values (286, true, 22);
insert into node (id, status, network_id) values (287, false, 18);
insert into node (id, status, network_id) values (288, true, 36);
insert into node (id, status, network_id) values (289, true, 13);
insert into node (id, status, network_id) values (290, true, 45);
insert into node (id, status, network_id) values (291, true, 29);
insert into node (id, status, network_id) values (292, true, 11);
insert into node (id, status, network_id) values (293, true, 18);
insert into node (id, status, network_id) values (294, true, 5);
insert into node (id, status, network_id) values (295, false, 19);
insert into node (id, status, network_id) values (296, true, 33);
insert into node (id, status, network_id) values (297, true, 9);
insert into node (id, status, network_id) values (298, true, 28);
insert into node (id, status, network_id) values (299, true, 39);
insert into node (id, status, network_id) values (300, false, 2);
insert into node (id, status, network_id) values (301, false, 38);
insert into node (id, status, network_id) values (302, false, 23);
insert into node (id, status, network_id) values (303, true, 20);
insert into node (id, status, network_id) values (304, false, 15);
insert into node (id, status, network_id) values (305, false, 50);
insert into node (id, status, network_id) values (306, true, 16);
insert into node (id, status, network_id) values (307, false, 8);
insert into node (id, status, network_id) values (308, true, 5);
insert into node (id, status, network_id) values (309, false, 49);
insert into node (id, status, network_id) values (310, true, 48);
insert into node (id, status, network_id) values (311, false, 37);
insert into node (id, status, network_id) values (312, false, 15);
insert into node (id, status, network_id) values (313, false, 30);
insert into node (id, status, network_id) values (314, true, 35);
insert into node (id, status, network_id) values (315, true, 37);
insert into node (id, status, network_id) values (316, true, 19);
insert into node (id, status, network_id) values (317, false, 49);
insert into node (id, status, network_id) values (318, true, 9);
insert into node (id, status, network_id) values (319, false, 19);
insert into node (id, status, network_id) values (320, false, 10);
insert into node (id, status, network_id) values (321, true, 16);
insert into node (id, status, network_id) values (322, false, 11);
insert into node (id, status, network_id) values (323, true, 43);
insert into node (id, status, network_id) values (324, false, 45);
insert into node (id, status, network_id) values (325, false, 50);
insert into node (id, status, network_id) values (326, false, 1);
insert into node (id, status, network_id) values (327, false, 18);
insert into node (id, status, network_id) values (328, false, 24);
insert into node (id, status, network_id) values (329, true, 42);
insert into node (id, status, network_id) values (330, false, 33);
insert into node (id, status, network_id) values (331, false, 48);
insert into node (id, status, network_id) values (332, true, 44);
insert into node (id, status, network_id) values (333, false, 13);
insert into node (id, status, network_id) values (334, true, 29);
insert into node (id, status, network_id) values (335, false, 9);
insert into node (id, status, network_id) values (336, true, 42);
insert into node (id, status, network_id) values (337, true, 5);
insert into node (id, status, network_id) values (338, true, 28);
insert into node (id, status, network_id) values (339, false, 18);
insert into node (id, status, network_id) values (340, false, 17);
insert into node (id, status, network_id) values (341, true, 23);
insert into node (id, status, network_id) values (342, false, 38);
insert into node (id, status, network_id) values (343, false, 20);
insert into node (id, status, network_id) values (344, false, 11);
insert into node (id, status, network_id) values (345, false, 44);
insert into node (id, status, network_id) values (346, true, 13);
insert into node (id, status, network_id) values (347, false, 24);
insert into node (id, status, network_id) values (348, true, 14);
insert into node (id, status, network_id) values (349, false, 23);
insert into node (id, status, network_id) values (350, true, 30);
insert into node (id, status, network_id) values (351, true, 34);
insert into node (id, status, network_id) values (352, true, 6);
insert into node (id, status, network_id) values (353, false, 13);
insert into node (id, status, network_id) values (354, true, 2);
insert into node (id, status, network_id) values (355, false, 39);
insert into node (id, status, network_id) values (356, false, 47);
insert into node (id, status, network_id) values (357, false, 13);
insert into node (id, status, network_id) values (358, false, 22);
insert into node (id, status, network_id) values (359, true, 38);
insert into node (id, status, network_id) values (360, true, 40);
insert into node (id, status, network_id) values (361, false, 22);
insert into node (id, status, network_id) values (362, true, 25);
insert into node (id, status, network_id) values (363, false, 24);
insert into node (id, status, network_id) values (364, false, 44);
insert into node (id, status, network_id) values (365, true, 43);
insert into node (id, status, network_id) values (366, false, 36);
insert into node (id, status, network_id) values (367, false, 41);
insert into node (id, status, network_id) values (368, true, 37);
insert into node (id, status, network_id) values (369, true, 9);
insert into node (id, status, network_id) values (370, true, 6);
insert into node (id, status, network_id) values (371, false, 41);
insert into node (id, status, network_id) values (372, true, 16);
insert into node (id, status, network_id) values (373, false, 50);
insert into node (id, status, network_id) values (374, true, 6);
insert into node (id, status, network_id) values (375, true, 35);
insert into node (id, status, network_id) values (376, false, 9);
insert into node (id, status, network_id) values (377, true, 26);
insert into node (id, status, network_id) values (378, true, 37);
insert into node (id, status, network_id) values (379, false, 27);
insert into node (id, status, network_id) values (380, true, 17);
insert into node (id, status, network_id) values (381, true, 3);
insert into node (id, status, network_id) values (382, true, 8);
insert into node (id, status, network_id) values (383, true, 21);
insert into node (id, status, network_id) values (384, true, 41);
insert into node (id, status, network_id) values (385, true, 37);
insert into node (id, status, network_id) values (386, true, 39);
insert into node (id, status, network_id) values (387, true, 1);
insert into node (id, status, network_id) values (388, false, 26);
insert into node (id, status, network_id) values (389, true, 16);
insert into node (id, status, network_id) values (390, false, 29);
insert into node (id, status, network_id) values (391, false, 24);
insert into node (id, status, network_id) values (392, false, 40);
insert into node (id, status, network_id) values (393, false, 13);
insert into node (id, status, network_id) values (394, false, 14);
insert into node (id, status, network_id) values (395, true, 11);
insert into node (id, status, network_id) values (396, true, 7);
insert into node (id, status, network_id) values (397, false, 35);
insert into node (id, status, network_id) values (398, false, 24);
insert into node (id, status, network_id) values (399, true, 26);
insert into node (id, status, network_id) values (400, true, 30);
insert into node (id, status, network_id) values (401, true, 18);
insert into node (id, status, network_id) values (402, false, 2);
insert into node (id, status, network_id) values (403, true, 48);
insert into node (id, status, network_id) values (404, true, 18);
insert into node (id, status, network_id) values (405, true, 36);
insert into node (id, status, network_id) values (406, true, 14);
insert into node (id, status, network_id) values (407, true, 48);
insert into node (id, status, network_id) values (408, true, 49);
insert into node (id, status, network_id) values (409, true, 11);
insert into node (id, status, network_id) values (410, false, 4);
insert into node (id, status, network_id) values (411, true, 20);
insert into node (id, status, network_id) values (412, false, 38);
insert into node (id, status, network_id) values (413, true, 43);
insert into node (id, status, network_id) values (414, true, 34);
insert into node (id, status, network_id) values (415, true, 12);
insert into node (id, status, network_id) values (416, true, 47);
insert into node (id, status, network_id) values (417, false, 33);
insert into node (id, status, network_id) values (418, true, 9);
insert into node (id, status, network_id) values (419, false, 12);
insert into node (id, status, network_id) values (420, true, 46);
insert into node (id, status, network_id) values (421, false, 38);
insert into node (id, status, network_id) values (422, false, 22);
insert into node (id, status, network_id) values (423, false, 20);
insert into node (id, status, network_id) values (424, false, 18);
insert into node (id, status, network_id) values (425, false, 45);
insert into node (id, status, network_id) values (426, true, 24);
insert into node (id, status, network_id) values (427, true, 44);
insert into node (id, status, network_id) values (428, true, 34);
insert into node (id, status, network_id) values (429, false, 39);
insert into node (id, status, network_id) values (430, true, 31);
insert into node (id, status, network_id) values (431, false, 22);
insert into node (id, status, network_id) values (432, false, 34);
insert into node (id, status, network_id) values (433, false, 29);
insert into node (id, status, network_id) values (434, false, 50);
insert into node (id, status, network_id) values (435, true, 20);
insert into node (id, status, network_id) values (436, true, 38);
insert into node (id, status, network_id) values (437, true, 10);
insert into node (id, status, network_id) values (438, false, 7);
insert into node (id, status, network_id) values (439, false, 11);
insert into node (id, status, network_id) values (440, false, 6);
insert into node (id, status, network_id) values (441, false, 16);
insert into node (id, status, network_id) values (442, true, 16);
insert into node (id, status, network_id) values (443, false, 17);
insert into node (id, status, network_id) values (444, false, 19);
insert into node (id, status, network_id) values (445, true, 35);
insert into node (id, status, network_id) values (446, true, 12);
insert into node (id, status, network_id) values (447, false, 4);
insert into node (id, status, network_id) values (448, true, 24);
insert into node (id, status, network_id) values (449, true, 25);
insert into node (id, status, network_id) values (450, true, 50);
insert into node (id, status, network_id) values (451, true, 5);
insert into node (id, status, network_id) values (452, false, 24);
insert into node (id, status, network_id) values (453, false, 14);
insert into node (id, status, network_id) values (454, true, 32);
insert into node (id, status, network_id) values (455, false, 13);
insert into node (id, status, network_id) values (456, true, 15);
insert into node (id, status, network_id) values (457, true, 37);
insert into node (id, status, network_id) values (458, false, 6);
insert into node (id, status, network_id) values (459, false, 43);
insert into node (id, status, network_id) values (460, true, 30);
insert into node (id, status, network_id) values (461, false, 45);
insert into node (id, status, network_id) values (462, false, 11);
insert into node (id, status, network_id) values (463, true, 50);
insert into node (id, status, network_id) values (464, true, 26);
insert into node (id, status, network_id) values (465, true, 40);
insert into node (id, status, network_id) values (466, false, 5);
insert into node (id, status, network_id) values (467, true, 43);
insert into node (id, status, network_id) values (468, false, 11);
insert into node (id, status, network_id) values (469, false, 48);
insert into node (id, status, network_id) values (470, true, 45);
insert into node (id, status, network_id) values (471, false, 6);
insert into node (id, status, network_id) values (472, true, 49);
insert into node (id, status, network_id) values (473, true, 3);
insert into node (id, status, network_id) values (474, false, 25);
insert into node (id, status, network_id) values (475, true, 23);
insert into node (id, status, network_id) values (476, false, 35);
insert into node (id, status, network_id) values (477, false, 29);
insert into node (id, status, network_id) values (478, false, 46);
insert into node (id, status, network_id) values (479, true, 38);
insert into node (id, status, network_id) values (480, true, 6);
insert into node (id, status, network_id) values (481, false, 9);
insert into node (id, status, network_id) values (482, true, 42);
insert into node (id, status, network_id) values (483, true, 21);
insert into node (id, status, network_id) values (484, true, 39);
insert into node (id, status, network_id) values (485, false, 28);
insert into node (id, status, network_id) values (486, false, 37);
insert into node (id, status, network_id) values (487, true, 39);
insert into node (id, status, network_id) values (488, false, 35);
insert into node (id, status, network_id) values (489, true, 26);
insert into node (id, status, network_id) values (490, true, 3);
insert into node (id, status, network_id) values (491, true, 36);
insert into node (id, status, network_id) values (492, true, 44);
insert into node (id, status, network_id) values (493, true, 20);
insert into node (id, status, network_id) values (494, false, 26);
insert into node (id, status, network_id) values (495, false, 2);
insert into node (id, status, network_id) values (496, true, 23);
insert into node (id, status, network_id) values (497, false, 18);
insert into node (id, status, network_id) values (498, true, 21);
insert into node (id, status, network_id) values (499, false, 38);
insert into node (id, status, network_id) values (500, false, 35);
insert into node (id, status, network_id) values (501, false, 38);
insert into node (id, status, network_id) values (502, false, 5);
insert into node (id, status, network_id) values (503, false, 9);
insert into node (id, status, network_id) values (504, false, 15);
insert into node (id, status, network_id) values (505, false, 46);
insert into node (id, status, network_id) values (506, false, 3);
insert into node (id, status, network_id) values (507, false, 16);
insert into node (id, status, network_id) values (508, false, 14);
insert into node (id, status, network_id) values (509, true, 48);
insert into node (id, status, network_id) values (510, true, 18);
insert into node (id, status, network_id) values (511, false, 17);
insert into node (id, status, network_id) values (512, false, 27);
insert into node (id, status, network_id) values (513, false, 28);
insert into node (id, status, network_id) values (514, false, 45);
insert into node (id, status, network_id) values (515, false, 14);
insert into node (id, status, network_id) values (516, true, 29);
insert into node (id, status, network_id) values (517, false, 33);
insert into node (id, status, network_id) values (518, false, 2);
insert into node (id, status, network_id) values (519, false, 20);
insert into node (id, status, network_id) values (520, true, 44);
insert into node (id, status, network_id) values (521, true, 36);
insert into node (id, status, network_id) values (522, false, 10);
insert into node (id, status, network_id) values (523, false, 43);
insert into node (id, status, network_id) values (524, false, 2);
insert into node (id, status, network_id) values (525, false, 28);
insert into node (id, status, network_id) values (526, false, 35);
insert into node (id, status, network_id) values (527, false, 26);
insert into node (id, status, network_id) values (528, false, 2);
insert into node (id, status, network_id) values (529, false, 21);
insert into node (id, status, network_id) values (530, false, 50);
insert into node (id, status, network_id) values (531, true, 34);
insert into node (id, status, network_id) values (532, true, 8);
insert into node (id, status, network_id) values (533, true, 12);
insert into node (id, status, network_id) values (534, false, 5);
insert into node (id, status, network_id) values (535, false, 30);
insert into node (id, status, network_id) values (536, false, 27);
insert into node (id, status, network_id) values (537, false, 15);
insert into node (id, status, network_id) values (538, false, 36);
insert into node (id, status, network_id) values (539, false, 43);
insert into node (id, status, network_id) values (540, false, 19);
insert into node (id, status, network_id) values (541, true, 16);
insert into node (id, status, network_id) values (542, true, 30);
insert into node (id, status, network_id) values (543, true, 45);
insert into node (id, status, network_id) values (544, true, 3);
insert into node (id, status, network_id) values (545, true, 26);
insert into node (id, status, network_id) values (546, false, 38);
insert into node (id, status, network_id) values (547, true, 42);
insert into node (id, status, network_id) values (548, true, 16);
insert into node (id, status, network_id) values (549, false, 35);
insert into node (id, status, network_id) values (550, false, 48);
